0,1.10 ,-0.12 ,1.71 ,0.02 ,-0.01 ,0.99 ,52.91 ,-49.93 ,10.47
2,1.16 ,0.00 ,1.83 ,0.02 ,-0.01 ,0.99 ,52.91 ,-49.93 ,10.47
4,1.40 ,0.12 ,1.83 ,0.02 ,-0.01 ,0.99 ,52.91 ,-49.93 ,10.47
6,1.04 ,0.06 ,1.59 ,0.02 ,-0.01 ,0.99 ,53.13 ,-49.30 ,10.53
8,1.22 ,0.12 ,1.83 ,0.02 ,-0.01 ,0.99 ,53.13 ,-49.30 ,10.53
10,1.28 ,0.12 ,2.01 ,0.02 ,-0.01 ,0.99 ,53.13 ,-49.30 ,10.53
12,1.16 ,0.06 ,1.71 ,0.02 ,-0.01 ,0.99 ,52.98 ,-49.77 ,9.62
14,1.28 ,0.12 ,1.95 ,0.02 ,-0.01 ,0.99 ,52.98 ,-49.77 ,9.62
16,1.28 ,0.00 ,1.95 ,0.02 ,-0.01 ,0.99 ,52.98 ,-49.77 ,9.62
18,1.22 ,-0.06 ,1.89 ,0.02 ,-0.01 ,0.99 ,53.49 ,-49.48 ,8.98
20,1.16 ,0.00 ,1.53 ,0.02 ,-0.01 ,0.99 ,53.49 ,-49.48 ,8.98
22,1.16 ,0.18 ,2.08 ,0.02 ,-0.01 ,0.99 ,53.49 ,-49.48 ,8.98
24,1.16 ,0.00 ,1.95 ,0.02 ,-0.01 ,0.99 ,53.49 ,-49.48 ,8.98
26,1.10 ,0.12 ,1.59 ,0.02 ,-0.01 ,0.99 ,53.11 ,-49.35 ,10.53
28,1.04 ,0.06 ,1.95 ,0.02 ,-0.01 ,0.99 ,53.11 ,-49.35 ,10.53
30,1.28 ,0.06 ,1.89 ,0.02 ,-0.01 ,0.99 ,53.11 ,-49.35 ,10.53
32,1.34 ,0.18 ,1.77 ,0.02 ,-0.01 ,0.99 ,53.22 ,-49.88 ,10.33
34,1.22 ,0.00 ,1.95 ,0.02 ,-0.01 ,0.99 ,53.22 ,-49.88 ,10.33
36,0.98 ,0.00 ,1.89 ,0.02 ,-0.01 ,0.99 ,53.22 ,-49.88 ,10.33
38,-8.12 ,24.54 ,11.47 ,0.03 ,0.05 ,1.23 ,52.81 ,-50.29 ,10.18
40,10.86 ,8.79 ,11.84 ,0.18 ,-0.03 ,0.87 ,52.81 ,-50.29 ,10.18
42,-4.64 ,-19.65 ,43.52 ,0.08 ,0.01 ,1.00 ,52.81 ,-50.29 ,10.18
44,1.04 ,1.46 ,88.68 ,-0.01 ,0.09 ,1.06 ,52.81 ,-50.29 ,10.18
46,12.70 ,33.75 ,83.37 ,-0.07 ,0.13 ,0.99 ,50.18 ,-50.21 ,9.48
48,2.93 ,47.49 ,87.28 ,-0.00 ,0.11 ,1.11 ,50.18 ,-50.21 ,9.48
50,17.76 ,44.86 ,8.00 ,0.14 ,0.01 ,0.82 ,50.18 ,-50.21 ,9.48
52,-0.79 ,25.02 ,-16.72 ,0.13 ,-0.05 ,0.86 ,47.34 ,-46.68 ,8.34
54,-13.12 ,-2.75 ,-37.29 ,-0.04 ,-0.12 ,0.99 ,47.34 ,-46.68 ,8.34
56,-3.54 ,-12.94 ,-16.11 ,-0.02 ,-0.16 ,1.02 ,47.34 ,-46.68 ,8.34
58,3.23 ,-9.83 ,24.96 ,-0.01 ,-0.04 ,0.97 ,46.61 ,-43.32 ,7.62
60,5.25 ,-24.17 ,70.31 ,0.04 ,0.08 ,0.93 ,46.61 ,-43.32 ,7.62
62,5.43 ,-44.80 ,94.06 ,0.03 ,0.16 ,0.90 ,46.61 ,-43.32 ,7.62
64,-3.30 ,-68.42 ,40.10 ,0.23 ,0.01 ,1.07 ,46.61 ,-43.32 ,7.62
66,28.44 ,-61.71 ,-56.40 ,-0.13 ,-0.11 ,1.01 ,42.63 ,-41.65 ,5.31
68,13.67 ,-74.10 ,-38.51 ,0.11 ,-0.09 ,1.08 ,42.63 ,-41.65 ,5.31
70,10.13 ,-88.20 ,-10.25 ,-0.14 ,0.00 ,1.03 ,42.63 ,-41.65 ,5.31
72,30.82 ,-101.56 ,0.43 ,-0.16 ,0.08 ,1.09 ,40.87 ,-40.55 ,0.33
74,62.07 ,-110.35 ,-8.85 ,-0.27 ,0.16 ,1.20 ,40.87 ,-40.55 ,0.33
76,143.19 ,-126.59 ,-47.79 ,-0.30 ,0.07 ,1.10 ,40.87 ,-40.55 ,0.33
78,173.40 ,-120.73 ,-79.04 ,-0.22 ,-0.22 ,0.96 ,36.88 ,-34.24 ,-8.91
80,41.20 ,-102.36 ,-60.85 ,-0.22 ,-0.30 ,1.04 ,36.88 ,-34.24 ,-8.91
82,-48.71 ,-79.53 ,-30.88 ,-0.23 ,-0.22 ,1.14 ,36.88 ,-34.24 ,-8.91
84,-29.24 ,-65.73 ,-24.78 ,-0.31 ,-0.14 ,1.26 ,33.08 ,-30.13 ,-12.01
86,24.41 ,-31.56 ,-17.76 ,-0.38 ,-0.20 ,1.26 ,33.08 ,-30.13 ,-12.01
88,15.56 ,2.62 ,-8.67 ,-0.42 ,-0.22 ,1.22 ,33.08 ,-30.13 ,-12.01
90,-29.42 ,40.22 ,-4.27 ,-0.36 ,-0.15 ,1.15 ,33.08 ,-30.13 ,-12.01
92,-39.61 ,70.13 ,-8.24 ,-0.29 ,-0.07 ,1.03 ,31.20 ,-26.17 ,-16.69
94,-20.39 ,71.66 ,-14.83 ,-0.25 ,-0.07 ,0.98 ,31.20 ,-26.17 ,-16.69
96,-15.99 ,64.88 ,-15.87 ,-0.22 ,-0.09 ,0.94 ,31.20 ,-26.17 ,-16.69
98,-9.83 ,54.08 ,-15.87 ,-0.28 ,-0.13 ,0.97 ,32.67 ,-19.93 ,-19.37
100,-22.83 ,55.30 ,-14.28 ,-0.23 ,-0.12 ,0.97 ,32.67 ,-19.93 ,-19.37
102,-28.56 ,53.77 ,-13.43 ,-0.21 ,-0.08 ,0.96 ,32.67 ,-19.93 ,-19.37
104,-18.86 ,42.72 ,-13.24 ,-0.18 ,-0.08 ,0.97 ,35.01 ,-14.45 ,-19.80
106,-6.59 ,32.10 ,-10.25 ,-0.20 ,-0.07 ,0.99 ,35.01 ,-14.45 ,-19.80
108,-3.60 ,46.39 ,-10.86 ,-0.21 ,-0.10 ,1.01 ,35.01 ,-14.45 ,-19.80
110,-12.33 ,33.69 ,-11.23 ,-0.16 ,-0.13 ,1.01 ,36.25 ,-10.34 ,-18.21
112,-17.82 ,35.22 ,-8.42 ,-0.13 ,-0.12 ,1.02 ,36.25 ,-10.34 ,-18.21
114,-9.70 ,41.81 ,-1.59 ,-0.12 ,-0.11 ,0.99 ,36.25 ,-10.34 ,-18.21
116,-1.59 ,40.34 ,10.01 ,-0.12 ,-0.09 ,1.00 ,36.25 ,-10.34 ,-18.21
118,8.79 ,39.37 ,13.73 ,-0.08 ,-0.05 ,1.02 ,37.92 ,-8.08 ,-16.67
120,29.79 ,44.31 ,16.42 ,-0.05 ,-0.06 ,1.01 ,37.92 ,-8.08 ,-16.67
122,26.61 ,55.85 ,15.38 ,0.01 ,-0.08 ,0.97 ,37.92 ,-8.08 ,-16.67
124,15.32 ,62.81 ,13.37 ,0.03 ,-0.07 ,0.90 ,39.86 ,-4.52 ,-13.70
126,12.63 ,63.35 ,12.63 ,0.04 ,-0.06 ,0.86 ,39.86 ,-4.52 ,-13.70
128,14.83 ,52.06 ,12.57 ,0.02 ,-0.07 ,0.82 ,39.86 ,-4.52 ,-13.70
130,19.53 ,30.27 ,13.12 ,0.03 ,-0.06 ,0.84 ,41.65 ,-3.60 ,-13.43
132,39.18 ,15.63 ,12.82 ,0.04 ,-0.05 ,0.86 ,41.65 ,-3.60 ,-13.43
134,50.17 ,9.03 ,12.70 ,0.04 ,-0.07 ,0.90 ,41.65 ,-3.60 ,-13.43
136,56.21 ,-1.04 ,13.31 ,0.03 ,-0.09 ,0.95 ,41.65 ,-3.60 ,-13.43
138,52.55 ,3.66 ,9.64 ,0.06 ,-0.13 ,0.95 ,42.11 ,-1.97 ,-12.35
140,36.25 ,10.01 ,8.48 ,0.05 ,-0.12 ,0.96 ,42.11 ,-1.97 ,-12.35
142,37.29 ,11.60 ,6.35 ,0.03 ,-0.10 ,0.97 ,42.11 ,-1.97 ,-12.35
144,38.64 ,19.59 ,0.61 ,0.08 ,-0.11 ,0.93 ,43.12 ,-0.22 ,-12.28
146,30.15 ,24.54 ,-6.16 ,0.04 ,-0.11 ,0.90 ,43.12 ,-0.22 ,-12.28
148,15.99 ,22.46 ,-16.36 ,0.03 ,-0.13 ,0.89 ,43.12 ,-0.22 ,-12.28
150,5.13 ,22.40 ,-21.24 ,0.04 ,-0.15 ,0.87 ,43.12 ,-0.22 ,-11.05
152,-7.75 ,23.93 ,-26.55 ,0.04 ,-0.13 ,0.85 ,42.82 ,0.54 ,-11.05
154,4.39 ,18.86 ,-29.60 ,0.05 ,-0.17 ,0.82 ,42.82 ,0.54 ,-11.05
156,1.65 ,4.94 ,-32.90 ,0.07 ,-0.22 ,0.83 ,42.82 ,0.54 ,-11.05
158,-4.46 ,-3.42 ,-28.75 ,0.08 ,-0.21 ,0.86 ,43.09 ,1.15 ,-11.17
160,5.98 ,-5.49 ,-28.02 ,0.07 ,-0.24 ,0.87 ,43.09 ,1.15 ,-11.17
162,7.14 ,-9.34 ,-21.67 ,0.11 ,-0.25 ,0.86 ,43.09 ,1.15 ,-11.17
164,18.07 ,-15.01 ,-11.05 ,0.08 ,-0.21 ,0.89 ,42.22 ,2.10 ,-10.71
166,41.26 ,-24.66 ,-5.62 ,0.03 ,-0.22 ,0.91 ,42.22 ,2.10 ,-10.71
168,48.03 ,-28.50 ,0.00 ,0.01 ,-0.27 ,0.98 ,42.22 ,2.10 ,-10.71
170,45.78 ,-22.28 ,3.05 ,0.08 ,-0.29 ,1.01 ,42.09 ,3.80 ,-10.82
172,54.50 ,-8.73 ,13.61 ,0.02 ,-0.30 ,0.94 ,42.09 ,3.80 ,-10.82
174,33.51 ,-3.48 ,23.32 ,0.04 ,-0.35 ,0.82 ,42.09 ,3.80 ,-10.82
176,-12.88 ,-8.54 ,27.47 ,0.08 ,-0.28 ,0.82 ,42.09 ,3.80 ,-10.82
178,-11.78 ,-15.14 ,24.90 ,0.06 ,-0.17 ,0.87 ,41.88 ,3.47 ,-11.62
180,14.71 ,-24.17 ,11.78 ,0.05 ,-0.24 ,0.85 ,41.88 ,3.47 ,-11.62
182,-30.40 ,-19.23 ,3.97 ,-0.35 ,-0.42 ,0.79 ,41.88 ,3.47 ,-11.62
184,-169.31 ,-36.68 ,20.32 ,-0.11 ,-0.23 ,1.00 ,41.35 ,1.83 ,-13.10
186,-143.98 ,-38.64 ,30.27 ,0.22 ,-0.21 ,1.01 ,41.35 ,1.83 ,-13.10
188,5.98 ,-17.09 ,42.85 ,0.11 ,-0.23 ,0.97 ,41.35 ,1.83 ,-13.10
190,78.12 ,-8.67 ,59.14 ,0.09 ,-0.26 ,0.82 ,40.93 ,1.09 ,-12.29
192,77.76 ,-10.93 ,65.92 ,0.17 ,-0.13 ,0.76 ,40.93 ,1.09 ,-12.29
194,80.75 ,-18.13 ,50.35 ,0.07 ,-0.04 ,0.77 ,40.93 ,1.09 ,-12.29
196,73.85 ,-21.36 ,35.03 ,0.03 ,-0.06 ,0.77 ,40.93 ,1.09 ,-12.29
198,4.64 ,-20.69 ,1.04 ,0.04 ,-0.08 ,0.78 ,40.89 ,2.78 ,-13.23
200,-66.53 ,-15.44 ,-28.75 ,0.12 ,-0.11 ,0.77 ,40.89 ,2.78 ,-13.23
202,-82.82 ,-15.44 ,-44.25 ,0.11 ,-0.22 ,0.76 ,40.89 ,2.78 ,-13.23
204,-68.73 ,-16.54 ,-37.66 ,0.10 ,-0.25 ,0.77 ,40.52 ,1.17 ,-12.88
206,-51.88 ,-16.42 ,-28.93 ,0.04 ,-0.25 ,0.80 ,40.52 ,1.17 ,-12.88
208,-35.71 ,-9.83 ,-17.27 ,0.02 ,-0.23 ,0.80 ,40.52 ,1.17 ,-12.88
210,-52.80 ,0.24 ,-11.41 ,0.06 ,-0.19 ,0.76 ,40.03 ,-0.48 ,-12.82
212,-48.83 ,-1.10 ,-1.34 ,0.06 ,-0.01 ,0.80 ,40.03 ,-0.48 ,-12.82
214,-27.04 ,-4.39 ,-1.16 ,0.07 ,0.04 ,0.79 ,40.03 ,-0.48 ,-12.82
216,-4.82 ,-7.39 ,-15.14 ,0.06 ,0.00 ,0.73 ,40.03 ,-0.48 ,-12.82
218,-47.67 ,-7.81 ,-30.52 ,0.01 ,-0.07 ,0.73 ,39.79 ,-1.65 ,-13.72
220,-76.48 ,-10.19 ,-35.34 ,-0.05 ,-0.13 ,0.78 ,39.79 ,-1.65 ,-13.72
222,-64.09 ,-17.15 ,-24.54 ,-0.05 ,-0.10 ,0.84 ,39.79 ,-1.65 ,-13.72
224,-46.45 ,-14.40 ,-19.65 ,-0.05 ,-0.07 ,0.94 ,39.38 ,-2.61 ,-13.54
226,-33.45 ,5.98 ,-14.28 ,-0.05 ,-0.02 ,0.92 ,39.38 ,-2.61 ,-13.54
228,-45.90 ,18.43 ,-17.03 ,-0.06 ,0.02 ,0.83 ,39.38 ,-2.61 ,-13.54
230,-53.28 ,10.13 ,-25.63 ,-0.01 ,-0.02 ,0.74 ,39.33 ,-4.22 ,-14.72
232,-49.68 ,-14.71 ,-21.06 ,-0.04 ,-0.02 ,0.76 ,39.33 ,-4.22 ,-14.72
234,-14.47 ,-24.60 ,-15.93 ,-0.08 ,0.03 ,0.89 ,39.33 ,-4.22 ,-14.72
236,4.58 ,-28.75 ,-13.98 ,-0.13 ,0.08 ,1.01 ,39.33 ,-4.22 ,-14.72
238,-25.33 ,-16.48 ,-23.86 ,-0.13 ,0.07 ,1.02 ,38.89 ,-5.10 ,-15.10
240,-58.04 ,-11.23 ,-30.40 ,-0.14 ,0.06 ,1.00 ,38.89 ,-5.10 ,-15.10
242,-64.82 ,-15.93 ,-28.08 ,-0.19 ,0.04 ,1.03 ,38.89 ,-5.10 ,-15.10
244,-21.30 ,-22.83 ,-15.87 ,-0.25 ,0.11 ,1.16 ,38.68 ,-6.86 ,-13.33
246,22.16 ,-14.34 ,-12.27 ,-0.23 ,0.12 ,1.18 ,38.68 ,-6.86 ,-13.33
248,-0.31 ,7.39 ,-18.19 ,-0.14 ,0.10 ,1.03 ,38.68 ,-6.86 ,-13.33
250,-25.70 ,2.26 ,-20.87 ,-0.12 ,0.11 ,1.00 ,38.38 ,-8.28 ,-13.44
252,-3.66 ,-16.24 ,-16.36 ,-0.15 ,0.09 ,1.03 ,38.38 ,-8.28 ,-13.44
254,9.77 ,-19.96 ,-12.88 ,-0.17 ,0.12 ,1.15 ,38.38 ,-8.28 ,-13.44
256,27.71 ,-10.68 ,-14.95 ,-0.18 ,0.11 ,1.18 ,38.38 ,-9.53 ,-12.62
258,-4.70 ,11.29 ,-19.35 ,-0.13 ,0.08 ,1.09 ,37.79 ,-9.53 ,-12.62
260,-43.46 ,26.67 ,-20.14 ,-0.06 ,0.06 ,0.92 ,37.79 ,-9.53 ,-12.62
262,-27.40 ,8.85 ,-15.01 ,-0.07 ,0.08 ,0.85 ,37.79 ,-9.53 ,-12.62
264,-11.72 ,-9.22 ,-12.08 ,-0.14 ,0.10 ,0.89 ,39.22 ,-10.83 ,-11.65
266,13.00 ,-33.63 ,-11.47 ,-0.21 ,0.13 ,1.11 ,39.22 ,-10.83 ,-11.65
268,27.40 ,-23.13 ,-21.12 ,-0.21 ,0.04 ,1.16 ,39.22 ,-10.83 ,-11.65
270,-9.40 ,3.54 ,-22.16 ,-0.14 ,-0.02 ,1.04 ,38.90 ,-10.67 ,-10.61
272,-31.07 ,12.51 ,-9.46 ,-0.09 ,0.02 ,0.99 ,38.90 ,-10.67 ,-10.61
274,-29.17 ,11.54 ,-3.72 ,-0.04 ,0.17 ,0.96 ,38.90 ,-10.67 ,-10.61
276,-7.02 ,1.59 ,-7.93 ,-0.08 ,0.21 ,0.95 ,39.12 ,-11.13 ,-8.09
278,-15.87 ,-8.42 ,-19.53 ,-0.15 ,0.18 ,0.99 ,39.12 ,-11.13 ,-8.09
280,-20.87 ,-14.04 ,-28.26 ,-0.19 ,0.05 ,0.97 ,39.12 ,-11.13 ,-8.09
282,-41.26 ,-14.40 ,-23.07 ,-0.15 ,-0.01 ,0.91 ,39.12 ,-11.13 ,-8.09
284,-41.50 ,-25.27 ,-4.21 ,-0.15 ,0.03 ,0.95 ,38.82 ,-10.62 ,-7.34
286,-25.33 ,-31.31 ,4.27 ,-0.16 ,0.18 ,1.09 ,38.82 ,-10.62 ,-7.34
288,6.84 ,-28.69 ,4.09 ,-0.14 ,0.23 ,1.10 ,38.82 ,-10.62 ,-7.34
290,-9.22 ,-20.63 ,-4.88 ,-0.31 ,0.73 ,1.81 ,37.71 ,-10.89 ,-6.85
292,247.86 ,96.44 ,-39.55 ,-0.27 ,-0.04 ,1.72 ,37.71 ,-10.89 ,-6.85
294,-13.55 ,104.98 ,8.00 ,-0.19 ,0.26 ,1.05 ,37.71 ,-10.89 ,-6.85
296,45.17 ,54.81 ,-13.73 ,-0.08 ,0.19 ,1.03 ,39.47 ,-7.25 ,-5.20
298,104.25 ,-11.78 ,-1.22 ,-0.08 ,-0.12 ,1.17 ,39.47 ,-7.25 ,-5.20
300,-7.93 ,-16.42 ,10.44 ,-0.11 ,0.02 ,1.12 ,39.47 ,-7.25 ,-5.20
302,-53.28 ,-34.73 ,-1.77 ,-0.12 ,0.06 ,1.08 ,38.57 ,-7.65 ,-5.91
304,-70.07 ,-46.20 ,-12.94 ,-0.09 ,0.06 ,1.28 ,38.57 ,-7.65 ,-5.91
306,-2.38 ,-14.40 ,-11.78 ,-0.10 ,-0.03 ,1.38 ,38.57 ,-7.65 ,-5.91
308,4.33 ,8.73 ,-0.12 ,-0.14 ,-0.04 ,1.29 ,38.57 ,-7.65 ,-5.91
310,15.81 ,22.52 ,10.25 ,-0.12 ,0.09 ,1.05 ,39.03 ,-8.30 ,-6.53
312,23.68 ,-3.05 ,5.31 ,-0.12 ,0.10 ,1.09 ,39.03 ,-8.30 ,-6.53
314,28.26 ,-12.88 ,3.36 ,-0.13 ,0.04 ,1.26 ,39.03 ,-8.30 ,-6.53
316,35.71 ,2.69 ,9.52 ,-0.14 ,0.04 ,1.30 ,39.58 ,-7.87 ,-8.02
318,38.70 ,12.57 ,10.56 ,-0.17 ,0.05 ,1.24 ,39.58 ,-7.87 ,-8.02
320,34.61 ,23.44 ,8.54 ,-0.16 ,0.03 ,1.14 ,39.58 ,-7.87 ,-8.02
322,33.69 ,19.78 ,8.79 ,-0.15 ,0.01 ,1.13 ,39.86 ,-8.08 ,-10.44
324,40.28 ,15.50 ,11.84 ,-0.14 ,-0.01 ,1.16 ,39.86 ,-8.08 ,-10.44
326,41.20 ,21.48 ,16.11 ,-0.10 ,-0.03 ,1.13 ,39.86 ,-8.08 ,-10.44
328,40.95 ,25.27 ,16.91 ,-0.11 ,-0.04 ,1.09 ,40.01 ,-5.77 ,-11.67
330,39.49 ,23.62 ,20.69 ,-0.10 ,-0.03 ,1.09 ,40.01 ,-5.77 ,-11.67
332,41.56 ,24.35 ,21.55 ,-0.07 ,-0.01 ,1.12 ,40.01 ,-5.77 ,-11.67
334,45.23 ,32.59 ,19.23 ,-0.03 ,0.00 ,1.11 ,40.01 ,-5.77 ,-11.67
336,34.18 ,40.28 ,12.63 ,-0.03 ,0.01 ,1.04 ,41.13 ,-3.27 ,-13.65
338,28.69 ,43.09 ,8.00 ,0.00 ,-0.00 ,0.99 ,41.13 ,-3.27 ,-13.65
340,28.26 ,35.71 ,2.56 ,0.00 ,-0.06 ,0.94 ,41.13 ,-3.27 ,-13.65
342,30.88 ,25.33 ,4.39 ,0.01 ,-0.12 ,0.95 ,41.63 ,-0.61 ,-13.85
344,36.87 ,20.26 ,11.66 ,0.02 ,-0.15 ,0.95 ,41.63 ,-0.61 ,-13.85
346,51.03 ,14.28 ,22.89 ,0.04 ,-0.12 ,0.96 ,41.63 ,-0.61 ,-13.85
348,61.52 ,12.08 ,24.78 ,0.04 ,-0.03 ,1.01 ,42.52 ,1.76 ,-12.26
350,51.15 ,18.92 ,16.36 ,0.05 ,-0.00 ,1.01 ,42.52 ,1.76 ,-12.26
352,31.68 ,30.03 ,1.28 ,0.06 ,-0.05 ,0.94 ,42.52 ,1.76 ,-12.26
354,17.46 ,31.92 ,-6.10 ,0.07 ,-0.13 ,0.87 ,42.52 ,1.76 ,-12.26
356,27.16 ,24.29 ,-3.72 ,0.07 ,-0.14 ,0.86 ,43.18 ,3.39 ,-11.47
358,37.48 ,19.53 ,-2.56 ,0.03 ,-0.17 ,0.86 ,43.18 ,3.39 ,-11.47
360,37.23 ,14.59 ,-2.20 ,0.01 ,-0.21 ,0.87 ,43.18 ,3.39 ,-11.47
362,30.27 ,12.94 ,1.65 ,0.03 ,-0.20 ,0.90 ,43.12 ,4.85 ,-11.32
364,26.37 ,14.16 ,4.33 ,0.04 ,-0.17 ,0.89 ,43.12 ,4.85 ,-11.32
366,23.07 ,16.48 ,1.95 ,0.04 ,-0.16 ,0.89 ,43.12 ,4.85 ,-11.32
368,21.91 ,16.17 ,0.61 ,0.03 ,-0.18 ,0.89 ,43.92 ,5.66 ,-10.07
370,13.98 ,17.40 ,-0.12 ,0.05 ,-0.22 ,0.90 ,43.92 ,5.66 ,-10.07
372,8.54 ,22.52 ,2.69 ,0.07 ,-0.23 ,0.84 ,43.92 ,5.66 ,-10.07
374,15.14 ,18.62 ,4.70 ,0.07 ,-0.25 ,0.80 ,43.92 ,5.66 ,-9.52
376,13.92 ,12.76 ,7.57 ,0.04 ,-0.28 ,0.78 ,43.99 ,5.76 ,-9.52
378,22.03 ,-1.22 ,15.38 ,0.03 ,-0.24 ,0.87 ,43.99 ,5.76 ,-9.52
380,28.63 ,-4.82 ,17.64 ,0.05 ,-0.25 ,0.95 ,43.99 ,5.76 ,-9.52
382,15.69 ,4.76 ,16.30 ,0.04 ,-0.25 ,0.96 ,44.06 ,6.68 ,-9.06
384,1.83 ,15.38 ,14.16 ,0.01 ,-0.26 ,0.94 ,44.06 ,6.68 ,-9.06
386,-2.20 ,19.17 ,12.82 ,0.03 ,-0.26 ,0.93 ,44.06 ,6.68 ,-9.06
388,0.85 ,23.62 ,12.82 ,0.05 ,-0.29 ,0.89 ,44.74 ,6.07 ,-8.72
390,-3.60 ,19.53 ,14.95 ,0.05 ,-0.27 ,0.91 ,44.74 ,6.07 ,-8.72
392,-0.37 ,16.11 ,15.14 ,0.06 ,-0.26 ,0.94 ,44.74 ,6.07 ,-8.72
394,0.85 ,19.71 ,14.89 ,0.08 ,-0.29 ,0.95 ,45.30 ,5.62 ,-9.45
396,-0.92 ,23.74 ,16.72 ,0.09 ,-0.28 ,0.95 ,45.30 ,5.62 ,-9.45
398,2.32 ,24.11 ,17.70 ,0.10 ,-0.26 ,0.95 ,45.30 ,5.62 ,-9.45
0,1.40 ,-0.06 ,1.71 ,0.02 ,-0.01 ,0.99 ,50.44 ,-32.91 ,3.99
2,0.98 ,-0.12 ,2.01 ,0.02 ,-0.01 ,0.99 ,50.32 ,-32.85 ,4.44
4,1.10 ,0.18 ,2.08 ,0.02 ,-0.01 ,0.99 ,50.32 ,-32.85 ,4.44
6,1.04 ,0.12 ,1.77 ,0.02 ,-0.01 ,0.99 ,50.32 ,-32.85 ,4.44
8,1.10 ,0.06 ,1.16 ,0.02 ,-0.01 ,0.99 ,51.16 ,-33.09 ,4.94
10,1.04 ,-0.24 ,1.46 ,0.02 ,-0.01 ,0.99 ,51.16 ,-33.09 ,4.94
12,0.98 ,0.00 ,1.59 ,0.02 ,-0.01 ,0.99 ,51.16 ,-33.09 ,4.94
14,0.85 ,0.00 ,1.71 ,0.02 ,-0.01 ,0.99 ,50.82 ,-33.57 ,6.74
16,1.22 ,0.37 ,1.53 ,0.02 ,-0.01 ,0.99 ,50.82 ,-33.57 ,6.74
18,1.53 ,0.00 ,1.77 ,0.02 ,-0.01 ,0.99 ,50.82 ,-33.57 ,6.74
20,1.22 ,-0.18 ,1.71 ,0.02 ,-0.01 ,0.99 ,51.12 ,-32.84 ,5.07
22,0.98 ,0.18 ,1.28 ,0.02 ,-0.01 ,0.99 ,51.12 ,-32.84 ,5.07
24,0.79 ,0.24 ,1.89 ,0.02 ,-0.01 ,0.99 ,51.12 ,-32.84 ,5.07
26,1.10 ,0.24 ,1.89 ,0.02 ,-0.01 ,0.99 ,51.12 ,-32.84 ,5.07
28,0.92 ,0.06 ,1.89 ,0.02 ,-0.01 ,0.99 ,50.98 ,-32.80 ,4.96
30,1.16 ,-0.31 ,1.83 ,0.02 ,-0.01 ,0.99 ,50.98 ,-32.80 ,4.96
32,1.04 ,0.18 ,1.83 ,0.02 ,-0.01 ,0.99 ,50.98 ,-32.80 ,4.96
34,1.28 ,0.00 ,1.46 ,0.02 ,-0.01 ,0.99 ,51.17 ,-32.86 ,4.96
36,1.28 ,0.00 ,1.83 ,0.02 ,-0.01 ,0.99 ,51.17 ,-32.86 ,4.96
38,1.59 ,0.18 ,1.83 ,0.02 ,-0.01 ,0.99 ,51.17 ,-32.86 ,4.96
40,1.28 ,0.00 ,1.95 ,0.02 ,-0.01 ,0.99 ,51.46 ,-32.30 ,5.10
42,0.92 ,0.00 ,1.46 ,0.02 ,-0.01 ,0.99 ,51.46 ,-32.30 ,5.10
44,1.04 ,0.24 ,1.83 ,0.02 ,-0.01 ,0.99 ,51.46 ,-32.30 ,5.10
46,1.04 ,0.37 ,1.83 ,0.02 ,-0.01 ,0.99 ,51.46 ,-32.30 ,5.10
48,0.92 ,-0.12 ,1.65 ,0.02 ,-0.01 ,0.99 ,50.77 ,-32.46 ,4.83
50,1.10 ,0.00 ,1.59 ,0.02 ,-0.01 ,0.99 ,50.77 ,-32.46 ,4.83
52,1.22 ,0.06 ,1.95 ,0.02 ,-0.01 ,0.99 ,50.77 ,-32.46 ,4.83
54,1.46 ,0.12 ,1.83 ,0.02 ,-0.01 ,0.99 ,50.87 ,-33.07 ,4.88
56,1.04 ,0.00 ,1.65 ,0.02 ,-0.01 ,0.99 ,50.87 ,-33.07 ,4.88
58,1.10 ,0.31 ,1.77 ,0.02 ,-0.01 ,0.99 ,50.87 ,-33.07 ,4.88
60,0.85 ,-0.12 ,1.77 ,0.02 ,-0.01 ,0.99 ,50.99 ,-32.45 ,4.71
62,0.98 ,-0.18 ,1.71 ,0.02 ,-0.01 ,0.99 ,50.99 ,-32.45 ,4.71
64,1.28 ,0.12 ,1.77 ,0.02 ,-0.01 ,0.99 ,50.99 ,-32.45 ,4.71
66,0.98 ,0.00 ,1.95 ,0.02 ,-0.01 ,0.99 ,50.99 ,-32.45 ,4.71
68,0.98 ,0.06 ,1.53 ,0.02 ,-0.01 ,0.99 ,50.81 ,-32.26 ,4.82
70,1.28 ,-0.06 ,1.53 ,0.02 ,-0.01 ,0.99 ,50.81 ,-32.26 ,4.82
72,1.10 ,0.00 ,1.71 ,0.02 ,-0.01 ,0.99 ,50.81 ,-32.26 ,4.82
74,1.22 ,0.24 ,1.65 ,0.02 ,-0.01 ,0.99 ,50.95 ,-33.15 ,4.60
76,1.46 ,0.43 ,1.77 ,0.02 ,-0.01 ,0.99 ,50.95 ,-33.15 ,4.60
78,1.40 ,0.61 ,2.38 ,0.02 ,-0.02 ,0.99 ,50.95 ,-33.15 ,4.60
80,1.16 ,0.49 ,3.66 ,0.03 ,-0.01 ,0.99 ,50.94 ,-32.76 ,5.69
82,1.34 ,-0.43 ,3.11 ,0.02 ,-0.01 ,0.99 ,50.94 ,-32.76 ,5.69
84,1.46 ,-0.55 ,4.82 ,0.02 ,-0.01 ,0.99 ,50.94 ,-32.76 ,5.69
86,1.59 ,-0.18 ,5.74 ,0.02 ,-0.01 ,0.99 ,51.06 ,-33.09 ,6.01
88,1.59 ,0.37 ,7.45 ,0.03 ,-0.01 ,0.99 ,51.06 ,-33.09 ,6.01
90,1.95 ,0.31 ,7.69 ,0.02 ,0.00 ,0.99 ,51.06 ,-33.09 ,6.01
92,2.93 ,-2.14 ,7.75 ,0.03 ,0.02 ,0.99 ,51.06 ,-33.09 ,6.01
94,3.17 ,-3.11 ,1.53 ,0.03 ,0.03 ,0.99 ,50.51 ,-33.03 ,6.32
96,2.56 ,-2.26 ,-1.59 ,0.04 ,0.02 ,0.99 ,50.51 ,-33.03 ,6.32
98,2.93 ,-2.69 ,-5.07 ,0.01 ,0.01 ,1.01 ,50.51 ,-33.03 ,6.32
100,8.79 ,-5.98 ,-4.94 ,0.03 ,0.01 ,0.98 ,50.22 ,-32.76 ,4.71
102,4.88 ,-8.36 ,-12.63 ,0.02 ,0.01 ,0.98 ,50.22 ,-32.76 ,4.71
104,0.98 ,-8.91 ,-14.71 ,0.01 ,-0.01 ,0.99 ,50.22 ,-32.76 ,4.71
106,2.01 ,-11.05 ,-13.67 ,0.00 ,-0.02 ,1.01 ,50.27 ,-30.92 ,3.59
108,5.74 ,-22.40 ,-9.03 ,0.05 ,0.04 ,1.06 ,50.27 ,-30.92 ,3.59
110,20.45 ,-38.57 ,-16.85 ,-0.05 ,0.04 ,1.07 ,50.27 ,-30.92 ,3.59
112,30.27 ,-40.28 ,-28.99 ,-0.09 ,-0.01 ,1.05 ,50.27 ,-30.92 ,3.59
114,39.55 ,-34.73 ,-28.02 ,-0.09 ,-0.14 ,0.90 ,49.37 ,-29.25 ,-0.39
116,-24.96 ,-31.86 ,-14.89 ,-0.02 ,-0.07 ,0.94 ,49.37 ,-29.25 ,-0.39
118,-35.52 ,-39.55 ,-8.00 ,-0.03 ,0.00 ,1.05 ,49.37 ,-29.25 ,-0.39
120,-25.33 ,-38.02 ,-9.09 ,-0.03 ,-0.01 ,1.06 ,48.86 ,-28.70 ,-0.87
122,-32.47 ,-22.22 ,-7.81 ,-0.03 ,0.07 ,1.07 ,48.86 ,-28.70 ,-0.87
124,-15.32 ,-14.28 ,-15.75 ,-0.02 ,0.05 ,1.06 ,48.86 ,-28.70 ,-0.87
126,-33.57 ,-6.23 ,-17.09 ,-0.12 ,-0.00 ,1.01 ,48.30 ,-27.80 ,-2.66
128,-101.20 ,4.15 ,-20.45 ,-0.12 ,0.05 ,0.99 ,48.30 ,-27.80 ,-2.66
130,-121.28 ,-0.92 ,-24.05 ,-0.10 ,0.07 ,1.02 ,48.30 ,-27.80 ,-2.66
132,-113.53 ,-7.51 ,-24.54 ,-0.12 ,0.07 ,1.02 ,48.30 ,-27.80 ,-2.66
134,-94.91 ,-13.31 ,-22.52 ,-0.16 ,0.06 ,1.07 ,47.19 ,-29.09 ,-0.31
136,-76.54 ,-6.90 ,-14.65 ,-0.14 ,0.08 ,1.08 ,47.19 ,-29.09 ,-0.31
138,-48.34 ,9.40 ,-4.70 ,-0.08 ,0.15 ,1.01 ,47.19 ,-29.09 ,-0.31
140,12.70 ,10.01 ,1.10 ,-0.04 ,0.21 ,0.98 ,47.49 ,-30.25 ,-0.87
142,70.31 ,-17.33 ,1.46 ,-0.12 ,0.18 ,1.07 ,47.49 ,-30.25 ,-0.87
144,75.62 ,-28.75 ,3.78 ,-0.14 ,0.16 ,1.15 ,47.49 ,-30.25 ,-0.87
146,37.78 ,-26.18 ,2.26 ,-0.16 ,0.19 ,1.25 ,46.41 ,-30.52 ,-6.87
148,4.09 ,-6.84 ,-2.62 ,-0.14 ,0.18 ,1.26 ,46.41 ,-30.52 ,-6.87
150,-13.00 ,9.03 ,-1.16 ,-0.12 ,0.21 ,1.25 ,46.41 ,-30.52 ,-6.87
152,-25.63 ,18.01 ,-1.04 ,-0.11 ,0.26 ,1.21 ,45.65 ,-29.82 ,-8.79
154,-50.05 ,28.08 ,-9.22 ,-0.10 ,0.27 ,1.17 ,45.65 ,-29.82 ,-8.79
156,-59.75 ,29.36 ,-14.04 ,-0.09 ,0.28 ,1.06 ,45.65 ,-29.82 ,-8.79
158,-63.29 ,21.00 ,-22.34 ,-0.06 ,0.25 ,0.99 ,45.65 ,-29.82 ,-13.12
160,-62.44 ,11.11 ,-21.36 ,-0.05 ,0.26 ,1.00 ,44.31 ,-28.58 ,-13.12
162,-38.88 ,6.16 ,-19.41 ,-0.06 ,0.25 ,1.04 ,44.31 ,-28.58 ,-13.12
164,-20.32 ,7.26 ,-14.89 ,-0.09 ,0.25 ,1.06 ,44.31 ,-28.58 ,-13.12
166,-21.18 ,8.18 ,-10.68 ,-0.08 ,0.24 ,1.03 ,44.09 ,-23.18 ,-13.53
168,-24.78 ,7.32 ,-7.75 ,-0.06 ,0.29 ,1.03 ,44.09 ,-23.18 ,-13.53
170,-29.24 ,10.44 ,-6.47 ,-0.05 ,0.33 ,1.03 ,44.09 ,-23.18 ,-13.53
172,-45.04 ,16.42 ,-11.90 ,-0.05 ,0.35 ,0.99 ,43.07 ,-19.21 ,-14.22
174,-57.07 ,18.80 ,-19.71 ,-0.02 ,0.31 ,0.93 ,43.07 ,-19.21 ,-14.22
176,-56.27 ,14.71 ,-16.05 ,0.00 ,0.33 ,0.91 ,43.07 ,-19.21 ,-14.22
178,-47.24 ,12.70 ,-10.80 ,-0.00 ,0.36 ,0.91 ,43.12 ,-16.98 ,-13.24
180,-18.13 ,7.39 ,-11.05 ,0.00 ,0.39 ,0.91 ,43.12 ,-16.98 ,-13.24
182,-9.77 ,3.60 ,-13.79 ,-0.01 ,0.34 ,0.93 ,43.12 ,-16.98 ,-13.24
184,-9.22 ,7.14 ,-14.53 ,0.02 ,0.30 ,0.90 ,42.90 ,-14.40 ,-11.35
186,19.47 ,6.77 ,-4.82 ,0.03 ,0.31 ,0.88 ,42.90 ,-14.40 ,-11.35
188,51.94 ,3.48 ,1.46 ,0.02 ,0.34 ,0.88 ,42.90 ,-14.40 ,-11.35
190,52.00 ,3.48 ,-0.92 ,0.00 ,0.35 ,0.90 ,42.90 ,-14.40 ,-11.35
192,31.49 ,6.90 ,-10.50 ,0.01 ,0.29 ,0.88 ,42.57 ,-12.15 ,-11.15
194,17.82 ,6.41 ,-12.45 ,0.01 ,0.26 ,0.88 ,42.57 ,-12.15 ,-11.15
196,26.67 ,2.93 ,-7.63 ,0.00 ,0.27 ,0.88 ,42.57 ,-12.15 ,-11.15
198,31.86 ,0.49 ,-7.20 ,-0.03 ,0.25 ,0.90 ,42.46 ,-10.97 ,-12.13
200,22.22 ,-0.92 ,-6.23 ,-0.03 ,0.23 ,0.95 ,42.46 ,-10.97 ,-12.13
202,8.54 ,4.76 ,-4.46 ,-0.02 ,0.23 ,0.96 ,42.46 ,-10.97 ,-12.13
204,3.42 ,8.73 ,-4.52 ,-0.01 ,0.23 ,0.95 ,42.46 ,-10.97 ,-12.13
206,-5.13 ,12.21 ,-3.85 ,0.00 ,0.27 ,0.92 ,42.68 ,-10.12 ,-11.00
208,-9.28 ,11.54 ,-6.84 ,-0.01 ,0.28 ,0.93 ,42.68 ,-10.12 ,-11.00
210,-15.99 ,11.11 ,-9.64 ,0.00 ,0.27 ,0.95 ,42.68 ,-10.12 ,-11.00
212,-6.41 ,13.98 ,-9.28 ,-0.00 ,0.26 ,0.94 ,43.19 ,-9.80 ,-12.19
214,0.55 ,15.38 ,-7.32 ,0.01 ,0.22 ,0.91 ,43.19 ,-9.80 ,-12.19
216,13.67 ,14.22 ,-0.31 ,0.04 ,0.24 ,0.88 ,43.19 ,-9.80 ,-12.19
218,34.00 ,7.32 ,5.98 ,0.02 ,0.28 ,0.91 ,42.69 ,-9.41 ,-9.72
220,36.93 ,5.43 ,2.87 ,-0.00 ,0.27 ,0.93 ,42.69 ,-9.41 ,-9.72
222,13.37 ,10.01 ,-0.67 ,-0.01 ,0.24 ,0.94 ,42.69 ,-9.41 ,-9.72
224,-14.34 ,16.97 ,-5.74 ,0.03 ,0.21 ,0.91 ,42.69 ,-9.41 ,-9.72
226,-14.47 ,17.33 ,-3.17 ,0.04 ,0.23 ,0.89 ,43.48 ,-9.83 ,-11.18
228,-3.60 ,14.22 ,0.61 ,0.02 ,0.24 ,0.91 ,43.48 ,-9.83 ,-11.18
230,-3.54 ,14.77 ,0.06 ,0.02 ,0.23 ,0.94 ,43.48 ,-9.83 ,-11.18
232,-0.85 ,23.07 ,-0.55 ,0.08 ,0.23 ,0.95 ,44.34 ,-9.47 ,-10.74
234,14.59 ,35.34 ,-2.75 ,0.09 ,0.24 ,0.83 ,44.34 ,-9.47 ,-10.74
236,13.31 ,32.29 ,-5.25 ,0.08 ,0.22 ,0.76 ,44.34 ,-9.47 ,-10.74
238,-8.54 ,21.61 ,-5.37 ,0.10 ,0.21 ,0.78 ,45.47 ,-8.97 ,-10.58
240,-17.33 ,17.70 ,12.82 ,0.11 ,0.22 ,0.80 ,45.47 ,-8.97 ,-10.58
242,-10.19 ,15.01 ,5.19 ,0.13 ,0.26 ,0.82 ,45.47 ,-8.97 ,-10.58
244,5.74 ,18.62 ,8.73 ,0.15 ,0.31 ,0.79 ,45.54 ,-9.08 ,-9.41
246,3.23 ,23.50 ,0.24 ,0.18 ,0.32 ,0.73 ,45.54 ,-9.08 ,-9.41
248,-15.93 ,26.18 ,-11.90 ,0.17 ,0.30 ,0.69 ,45.54 ,-9.08 ,-9.41
250,-29.36 ,25.27 ,-15.56 ,0.17 ,0.24 ,0.64 ,45.54 ,-9.08 ,-9.41
252,-35.46 ,18.01 ,-13.61 ,0.17 ,0.22 ,0.62 ,46.68 ,-9.36 ,-9.79
254,-14.71 ,6.29 ,-3.23 ,0.19 ,0.23 ,0.64 ,46.68 ,-9.36 ,-9.79
256,-0.18 ,-1.34 ,6.65 ,0.21 ,0.26 ,0.68 ,46.68 ,-9.36 ,-9.79
258,-0.43 ,0.92 ,8.18 ,0.21 ,0.27 ,0.66 ,46.47 ,-9.78 ,-8.41
260,-10.13 ,0.79 ,4.94 ,0.21 ,0.27 ,0.64 ,46.47 ,-9.78 ,-8.41
262,-15.99 ,-0.79 ,1.77 ,0.20 ,0.26 ,0.64 ,46.47 ,-9.78 ,-8.41
264,-24.29 ,-5.31 ,1.16 ,0.22 ,0.25 ,0.65 ,46.25 ,-9.99 ,-8.34
266,-17.70 ,-11.96 ,3.11 ,0.22 ,0.25 ,0.68 ,46.25 ,-9.99 ,-8.34
268,-7.87 ,-15.69 ,5.13 ,0.21 ,0.27 ,0.73 ,46.25 ,-9.99 ,-8.34
270,-6.16 ,-14.59 ,4.88 ,0.19 ,0.28 ,0.73 ,46.25 ,-10.94 ,-8.31
272,-14.83 ,-18.55 ,5.25 ,0.18 ,0.29 ,0.73 ,45.15 ,-10.94 ,-8.31
274,-17.94 ,-22.09 ,3.23 ,0.14 ,0.29 ,0.75 ,45.15 ,-10.94 ,-8.31
276,-30.88 ,-26.73 ,1.95 ,0.15 ,0.29 ,0.80 ,45.15 ,-10.94 ,-8.31
278,-22.03 ,-26.12 ,7.02 ,0.12 ,0.34 ,0.84 ,45.36 ,-11.83 ,-10.03
280,-7.93 ,-22.95 ,8.79 ,0.12 ,0.37 ,0.86 ,45.36 ,-11.83 ,-10.03
282,-27.53 ,-15.32 ,2.44 ,0.12 ,0.37 ,0.85 ,45.36 ,-11.83 ,-10.03
284,-22.83 ,-12.88 ,0.31 ,0.15 ,0.38 ,0.82 ,45.24 ,-11.79 ,-9.31
286,-17.52 ,-14.04 ,-2.01 ,0.09 ,0.40 ,0.79 ,45.24 ,-11.79 ,-9.31
288,-14.59 ,-23.25 ,-5.62 ,0.02 ,0.41 ,0.84 ,45.24 ,-11.79 ,-9.31
290,-16.72 ,-22.71 ,-10.99 ,0.04 ,0.40 ,0.93 ,44.14 ,-12.61 ,-8.86
292,-31.80 ,-8.30 ,-14.53 ,0.12 ,0.37 ,0.92 ,44.14 ,-12.61 ,-8.86
294,-34.67 ,-0.49 ,-8.61 ,0.14 ,0.36 ,0.80 ,44.14 ,-12.61 ,-8.86
296,-30.52 ,-9.95 ,-1.59 ,0.16 ,0.38 ,0.75 ,44.01 ,-13.09 ,-10.01
298,-22.22 ,-15.44 ,-1.28 ,0.17 ,0.47 ,0.76 ,44.01 ,-13.09 ,-10.01
300,-13.49 ,-18.37 ,-10.01 ,0.15 ,0.49 ,0.84 ,44.01 ,-13.09 ,-10.01
302,-26.12 ,-15.99 ,-20.26 ,0.06 ,0.46 ,0.86 ,44.01 ,-13.09 ,-10.01
304,-30.82 ,-22.40 ,-20.32 ,-0.03 ,0.41 ,0.91 ,43.95 ,-14.07 ,-9.55
306,-19.78 ,-23.93 ,-11.60 ,-0.03 ,0.42 ,0.97 ,43.95 ,-14.07 ,-9.55
308,-10.99 ,-11.78 ,-8.42 ,-0.01 ,0.45 ,0.98 ,43.95 ,-14.07 ,-9.55
310,-6.04 ,-2.44 ,-9.77 ,0.03 ,0.48 ,0.95 ,44.23 ,-14.60 ,-10.75
312,-29.42 ,7.63 ,-13.43 ,0.05 ,0.47 ,0.86 ,44.23 ,-14.60 ,-10.75
314,-37.11 ,-4.52 ,-8.12 ,0.06 ,0.45 ,0.86 ,44.23 ,-14.60 ,-10.75
316,-21.06 ,-20.14 ,5.49 ,0.05 ,0.51 ,0.94 ,44.19 ,-15.38 ,-8.58
318,12.27 ,-19.10 ,6.84 ,0.04 ,0.57 ,0.98 ,44.19 ,-15.38 ,-8.58
320,10.25 ,-15.01 ,4.82 ,0.01 ,0.52 ,0.96 ,44.19 ,-15.38 ,-8.58
322,-5.86 ,0.37 ,-0.79 ,0.03 ,0.48 ,0.88 ,44.41 ,-16.63 ,-9.19
324,-10.62 ,5.19 ,2.81 ,0.02 ,0.47 ,0.80 ,44.41 ,-16.63 ,-9.19
326,10.01 ,-9.95 ,16.54 ,-0.02 ,0.55 ,0.88 ,44.41 ,-16.63 ,-9.19
328,26.37 ,-17.70 ,21.79 ,-0.04 ,0.61 ,0.97 ,44.41 ,-16.63 ,-9.19
330,46.69 ,-10.99 ,20.14 ,-0.04 ,0.61 ,1.07 ,44.14 ,-17.32 ,-9.05
332,14.83 ,16.72 ,16.05 ,0.00 ,0.55 ,1.02 ,44.14 ,-17.32 ,-9.05
334,-19.17 ,36.80 ,4.88 ,0.08 ,0.56 ,0.84 ,44.14 ,-17.32 ,-9.05
336,-13.67 ,34.00 ,-1.65 ,0.09 ,0.50 ,0.74 ,45.34 ,-18.32 ,-6.93
338,-9.58 ,4.27 ,5.25 ,0.08 ,0.51 ,0.75 ,45.34 ,-18.32 ,-6.93
340,22.77 ,-24.11 ,15.08 ,0.02 ,0.55 ,0.96 ,45.34 ,-18.32 ,-6.93
342,18.25 ,-14.22 ,11.47 ,0.02 ,0.52 ,1.06 ,44.71 ,-18.35 ,-6.48
344,-15.44 ,16.66 ,-0.55 ,0.05 ,0.50 ,0.93 ,44.71 ,-18.35 ,-6.48
346,-28.69 ,24.29 ,-5.80 ,0.05 ,0.47 ,0.83 ,44.71 ,-18.35 ,-6.48
348,-31.13 ,9.52 ,-3.11 ,0.07 ,0.39 ,0.74 ,44.71 ,-18.35 ,-6.48
350,-20.63 ,-13.00 ,8.30 ,0.06 ,0.39 ,0.80 ,45.31 ,-18.71 ,-4.55
352,-7.81 ,-20.45 ,18.49 ,0.04 ,0.45 ,0.84 ,45.31 ,-18.71 ,-4.55
354,-3.05 ,-21.91 ,22.03 ,0.03 ,0.50 ,0.89 ,45.31 ,-18.71 ,-4.55
356,1.16 ,-21.61 ,22.52 ,0.02 ,0.56 ,0.91 ,45.01 ,-18.85 ,-2.15
358,4.64 ,-19.59 ,20.81 ,0.01 ,0.57 ,0.91 ,45.01 ,-18.85 ,-2.15
360,-3.23 ,-15.75 ,15.38 ,0.01 ,0.60 ,0.92 ,45.01 ,-18.85 ,-2.15
362,-5.37 ,-13.06 ,6.23 ,0.00 ,0.61 ,0.92 ,44.04 ,-18.53 ,-2.11
364,-9.16 ,-14.22 ,6.16 ,-0.13 ,0.70 ,1.04 ,44.04 ,-18.53 ,-2.11
366,3.42 ,-33.26 ,16.05 ,-0.32 ,0.87 ,1.47 ,44.04 ,-18.53 ,-2.11
368,41.08 ,-36.80 ,14.10 ,-0.43 ,0.79 ,1.83 ,44.04 ,-18.53 ,-2.11
370,-21.67 ,26.98 ,-0.43 ,-0.16 ,0.63 ,1.53 ,43.21 ,-17.47 ,-1.98
372,-51.76 ,76.78 ,-13.06 ,-0.07 ,0.53 ,0.96 ,43.21 ,-17.47 ,-1.98
374,-45.23 ,71.47 ,-25.27 ,0.11 ,0.42 ,0.74 ,43.21 ,-17.47 ,-1.98
376,-49.19 ,56.21 ,-24.23 ,0.23 ,0.38 ,0.57 ,44.64 ,-18.73 ,-1.04
378,-21.24 ,18.01 ,-13.24 ,0.21 ,0.39 ,0.60 ,44.64 ,-18.73 ,-1.04
380,-2.62 ,-11.41 ,-0.37 ,0.13 ,0.39 ,0.73 ,44.64 ,-18.73 ,-1.04
382,1.89 ,-29.72 ,18.25 ,0.07 ,0.50 ,0.88 ,44.82 ,-19.92 ,-0.74
384,29.36 ,-39.00 ,31.43 ,0.03 ,0.67 ,1.03 ,44.82 ,-19.92 ,-0.74
386,38.64 ,-33.63 ,27.53 ,-0.00 ,0.73 ,1.10 ,44.82 ,-19.92 ,-0.74
388,29.91 ,-25.21 ,19.65 ,-0.06 ,0.80 ,1.15 ,43.88 ,-20.65 ,-1.32
390,11.66 ,-10.80 ,0.43 ,-0.08 ,0.72 ,1.10 ,43.88 ,-20.65 ,-1.32
392,2.81 ,-4.64 ,-3.66 ,-0.07 ,0.66 ,1.06 ,43.88 ,-20.65 ,-1.32
394,5.07 ,-2.01 ,-0.73 ,-0.06 ,0.63 ,1.00 ,43.88 ,-20.65 ,-1.32
396,-5.37 ,-3.72 ,0.49 ,-0.06 ,0.62 ,0.96 ,44.75 ,-20.81 ,-3.54
398,-6.53 ,-8.42 ,1.53 ,-0.05 ,0.58 ,0.92 ,44.75 ,-20.81 ,-3.54
400,-8.79 ,-16.42 ,5.19 ,-0.06 ,0.54 ,0.95 ,44.75 ,-20.81 ,-3.54
402,-15.50 ,-9.52 ,6.47 ,-0.06 ,0.52 ,0.95 ,43.93 ,-21.92 ,-4.61
404,-7.02 ,-2.14 ,10.74 ,-0.05 ,0.56 ,0.91 ,43.93 ,-21.92 ,-4.61
406,29.48 ,-5.19 ,18.07 ,-0.06 ,0.59 ,0.91 ,43.93 ,-21.92 ,-4.61
408,37.78 ,-3.60 ,17.33 ,-0.06 ,0.58 ,0.92 ,42.90 ,-21.69 ,-6.29
410,27.83 ,9.09 ,10.99 ,-0.02 ,0.57 ,0.88 ,42.90 ,-21.69 ,-6.29
412,16.30 ,20.57 ,2.99 ,0.01 ,0.50 ,0.78 ,42.90 ,-21.69 ,-6.29
414,1.95 ,21.12 ,-0.98 ,0.01 ,0.40 ,0.67 ,42.90 ,-21.69 ,-6.29
416,-1.16 ,12.27 ,2.38 ,0.02 ,0.37 ,0.65 ,43.05 ,-21.00 ,-8.96
418,4.82 ,7.51 ,6.23 ,0.04 ,0.35 ,0.67 ,43.05 ,-21.00 ,-8.96
420,25.45 ,3.23 ,14.47 ,0.05 ,0.43 ,0.73 ,43.05 ,-21.00 ,-8.96
422,46.69 ,4.82 ,16.36 ,0.03 ,0.51 ,0.78 ,42.82 ,-18.99 ,-9.64
424,26.37 ,16.48 ,0.92 ,0.02 ,0.49 ,0.77 ,42.82 ,-18.99 ,-9.64
426,10.99 ,20.57 ,-6.53 ,0.00 ,0.40 ,0.70 ,42.82 ,-18.99 ,-9.64
428,1.77 ,17.03 ,-9.83 ,-0.01 ,0.29 ,0.67 ,43.81 ,-18.36 ,-9.50
430,9.58 ,7.69 ,1.89 ,-0.01 ,0.31 ,0.68 ,43.81 ,-18.36 ,-9.50
432,23.80 ,0.06 ,13.73 ,-0.00 ,0.36 ,0.74 ,43.81 ,-18.36 ,-9.50
434,35.83 ,-2.08 ,22.58 ,-0.01 ,0.40 ,0.78 ,40.69 ,-16.55 ,-10.50
436,37.78 ,-1.71 ,24.11 ,-0.04 ,0.43 ,0.85 ,43.54 ,-16.55 ,-10.50
438,28.38 ,3.05 ,26.37 ,-0.05 ,0.48 ,0.88 ,43.54 ,-16.55 ,-10.50
440,27.34 ,7.45 ,22.95 ,-0.07 ,0.49 ,0.92 ,43.54 ,-16.55 ,-10.50
442,25.63 ,10.74 ,20.14 ,-0.12 ,0.48 ,0.96 ,42.71 ,-16.65 ,-11.19
444,8.42 ,14.53 ,17.64 ,-0.12 ,0.45 ,0.97 ,42.71 ,-16.65 ,-11.19
446,4.21 ,17.46 ,16.60 ,-0.12 ,0.42 ,0.95 ,42.71 ,-16.65 ,-11.19
448,4.39 ,17.27 ,18.01 ,-0.11 ,0.34 ,0.91 ,43.14 ,-16.41 ,-11.73
450,13.79 ,13.00 ,30.70 ,-0.11 ,0.33 ,0.93 ,43.14 ,-16.41 ,-11.73
452,23.56 ,15.56 ,42.54 ,-0.12 ,0.35 ,0.92 ,43.14 ,-16.41 ,-11.73
454,25.02 ,14.71 ,45.04 ,-0.11 ,0.38 ,0.87 ,43.30 ,-16.26 ,-11.33
456,23.38 ,7.51 ,47.24 ,-0.09 ,0.39 ,0.86 ,43.30 ,-16.26 ,-11.33
458,22.16 ,3.91 ,50.05 ,-0.08 ,0.43 ,0.90 ,43.30 ,-16.26 ,-11.33
460,33.94 ,4.58 ,47.73 ,-0.10 ,0.44 ,0.91 ,43.30 ,-16.26 ,-11.33
462,31.31 ,6.16 ,45.04 ,-0.10 ,0.40 ,0.89 ,42.43 ,-16.04 ,-12.56
464,8.97 ,11.11 ,41.02 ,-0.09 ,0.38 ,0.87 ,42.43 ,-16.04 ,-12.56
466,4.58 ,11.66 ,40.59 ,-0.10 ,0.38 ,0.86 ,42.43 ,-16.04 ,-12.56
468,12.51 ,12.39 ,41.02 ,-0.11 ,0.32 ,0.85 ,41.69 ,-17.13 ,-10.91
470,-2.87 ,18.19 ,44.62 ,-0.10 ,0.31 ,0.83 ,41.69 ,-17.13 ,-10.91
472,-1.89 ,18.98 ,46.02 ,-0.06 ,0.34 ,0.76 ,41.69 ,-17.13 ,-10.91
474,19.96 ,9.46 ,50.60 ,-0.04 ,0.38 ,0.76 ,40.88 ,-17.41 ,-11.01
476,28.44 ,2.50 ,47.00 ,-0.05 ,0.35 ,0.80 ,40.88 ,-17.41 ,-11.01
478,16.85 ,6.41 ,40.41 ,-0.05 ,0.33 ,0.80 ,40.88 ,-17.41 ,-11.01
480,-6.35 ,8.91 ,39.31 ,-0.04 ,0.32 ,0.79 ,40.88 ,-17.41 ,-11.01
482,1.46 ,8.36 ,40.41 ,-0.05 ,0.36 ,0.78 ,39.93 ,-17.86 ,-11.10
484,13.73 ,5.25 ,38.09 ,-0.05 ,0.36 ,0.82 ,39.93 ,-17.86 ,-11.10
486,9.52 ,7.39 ,36.25 ,-0.04 ,0.36 ,0.84 ,39.93 ,-17.86 ,-11.10
488,-3.91 ,16.17 ,30.82 ,-0.00 ,0.40 ,0.81 ,39.09 ,-18.84 ,-9.67
490,-15.69 ,18.19 ,25.02 ,0.03 ,0.41 ,0.76 ,39.09 ,-18.84 ,-9.67
492,-17.27 ,12.02 ,23.19 ,0.07 ,0.42 ,0.75 ,39.09 ,-18.84 ,-9.67
494,-6.77 ,6.04 ,24.84 ,0.09 ,0.43 ,0.77 ,39.09 ,-18.84 ,-9.67
496,-0.73 ,5.62 ,24.29 ,0.12 ,0.48 ,0.79 ,38.82 ,-18.73 ,-9.64
498,-3.30 ,6.65 ,17.21 ,0.13 ,0.51 ,0.77 ,38.82 ,-18.73 ,-9.64
500,-25.82 ,5.92 ,2.38 ,0.18 ,0.48 ,0.72 ,38.82 ,-18.73 ,-9.64
502,-25.88 ,-3.66 ,-1.16 ,0.20 ,0.48 ,0.71 ,38.31 ,-18.74 ,-8.86
504,-17.46 ,-10.44 ,-1.10 ,0.22 ,0.51 ,0.72 ,38.31 ,-18.74 ,-8.86
506,-7.93 ,-20.02 ,-7.20 ,0.22 ,0.56 ,0.75 ,38.31 ,-18.74 ,-8.86
508,-12.76 ,-26.18 ,-20.75 ,0.18 ,0.56 ,0.78 ,37.29 ,-19.34 ,-6.54
510,-25.45 ,-35.83 ,-34.73 ,0.09 ,0.43 ,0.83 ,37.29 ,-19.34 ,-6.54
512,-39.18 ,-43.52 ,-29.24 ,0.07 ,0.39 ,0.87 ,37.29 ,-19.34 ,-6.54
514,-26.31 ,-43.88 ,-19.78 ,0.09 ,0.44 ,0.93 ,37.29 ,-19.34 ,-6.54
516,18.74 ,-44.07 ,-6.84 ,0.08 ,0.57 ,0.95 ,36.58 ,-19.36 ,-7.45
518,23.68 ,-42.36 ,-15.87 ,0.09 ,0.62 ,0.97 ,36.58 ,-19.36 ,-7.45
520,-6.96 ,-34.61 ,-38.57 ,0.12 ,0.58 ,0.95 ,36.58 ,-19.36 ,-7.45
522,-32.78 ,-25.70 ,-54.14 ,0.13 ,0.52 ,0.84 ,36.24 ,-18.65 ,-8.00
524,-30.46 ,-28.26 ,-53.65 ,0.14 ,0.50 ,0.78 ,36.24 ,-18.65 ,-8.00
526,-4.15 ,-46.33 ,-48.89 ,0.13 ,0.60 ,0.79 ,36.24 ,-18.65 ,-8.00
528,10.56 ,-61.10 ,-61.28 ,0.08 ,0.62 ,0.90 ,36.11 ,-19.10 ,-9.52
530,-17.46 ,-58.41 ,-83.19 ,0.07 ,0.60 ,0.96 ,36.11 ,-19.10 ,-9.52
532,-28.87 ,-50.54 ,-90.52 ,0.01 ,0.48 ,1.01 ,36.11 ,-19.10 ,-9.52
534,-37.66 ,-34.42 ,-88.26 ,-0.02 ,0.41 ,0.92 ,36.11 ,-19.10 ,-9.52
536,-9.16 ,-32.71 ,-74.16 ,-0.03 ,0.49 ,0.82 ,36.82 ,-18.33 ,-9.20
538,7.51 ,-39.61 ,-75.20 ,-0.05 ,0.53 ,0.79 ,36.82 ,-18.33 ,-9.20
540,1.16 ,-43.21 ,-81.18 ,-0.06 ,0.54 ,0.76 ,36.82 ,-18.33 ,-9.20
542,-10.93 ,-54.99 ,-89.17 ,-0.08 ,0.52 ,0.82 ,37.50 ,-17.11 ,-8.34
544,-8.54 ,-61.95 ,-90.33 ,-0.11 ,0.49 ,1.00 ,37.50 ,-17.11 ,-8.34
546,-8.48 ,-55.48 ,-87.40 ,-0.09 ,0.51 ,1.08 ,37.50 ,-17.11 ,-8.34
548,-1.46 ,-22.16 ,-87.77 ,-0.07 ,0.56 ,1.05 ,37.50 ,-15.82 ,-9.36
550,3.78 ,1.40 ,-91.31 ,-0.12 ,0.53 ,0.82 ,37.50 ,-15.82 ,-9.36
552,-15.69 ,-10.68 ,-93.63 ,-0.14 ,0.46 ,0.79 ,37.50 ,-15.82 ,-9.36
554,-23.25 ,-24.05 ,-84.29 ,-0.13 ,0.45 ,0.84 ,37.50 ,-15.82 ,-9.36
556,-16.97 ,-24.17 ,-70.86 ,-0.10 ,0.44 ,0.91 ,39.04 ,-13.95 ,-9.92
558,2.01 ,-21.91 ,-64.39 ,-0.08 ,0.49 ,0.97 ,39.04 ,-13.95 ,-9.92
560,11.96 ,-13.00 ,-58.11 ,-0.05 ,0.54 ,0.97 ,39.04 ,-13.95 ,-9.92
562,10.56 ,-1.22 ,-60.00 ,-0.06 ,0.55 ,0.87 ,40.11 ,-11.58 ,-10.78
564,1.77 ,-5.86 ,-65.92 ,-0.11 ,0.53 ,0.87 ,40.11 ,-11.58 ,-10.78
566,-11.54 ,-9.89 ,-70.68 ,-0.15 ,0.46 ,0.96 ,40.11 ,-11.58 ,-10.78
568,-10.93 ,-2.56 ,-68.24 ,-0.12 ,0.43 ,0.96 ,40.69 ,-10.99 ,-9.77
570,-7.87 ,1.28 ,-63.90 ,-0.13 ,0.37 ,0.91 ,40.69 ,-10.99 ,-9.77
572,-4.52 ,-0.55 ,-50.90 ,-0.17 ,0.32 ,0.87 ,40.69 ,-10.99 ,-9.77
574,-12.15 ,-10.01 ,-34.42 ,-0.21 ,0.23 ,0.92 ,40.78 ,-10.56 ,-10.12
576,-13.98 ,-11.29 ,-6.59 ,-0.16 ,0.28 ,1.00 ,40.78 ,-10.56 ,-10.12
578,23.74 ,-1.40 ,19.65 ,-0.12 ,0.44 ,1.02 ,40.78 ,-10.56 ,-10.12
580,40.65 ,9.22 ,22.64 ,-0.11 ,0.49 ,1.00 ,40.78 ,-10.56 ,-10.12
582,34.24 ,12.57 ,19.17 ,-0.08 ,0.52 ,0.96 ,40.86 ,-10.23 ,-9.88
584,13.12 ,12.63 ,12.70 ,-0.06 ,0.50 ,0.94 ,40.86 ,-10.23 ,-9.88
586,12.45 ,7.93 ,12.27 ,-0.06 ,0.46 ,1.03 ,40.86 ,-10.23 ,-9.88
588,26.92 ,18.01 ,14.22 ,-0.07 ,0.43 ,1.06 ,41.54 ,-10.27 ,-9.39
590,25.88 ,26.67 ,15.69 ,-0.10 ,0.40 ,1.03 ,41.54 ,-10.27 ,-9.39
592,24.29 ,37.78 ,20.26 ,-0.12 ,0.39 ,0.94 ,41.54 ,-10.27 ,-9.39
594,30.33 ,30.88 ,29.30 ,-0.13 ,0.41 ,0.93 ,42.07 ,-10.05 ,-9.50
596,34.30 ,24.48 ,41.69 ,-0.09 ,0.48 ,0.99 ,42.07 ,-10.05 ,-9.50
598,49.74 ,21.48 ,47.73 ,-0.08 ,0.51 ,1.00 ,42.07 ,-10.05 ,-9.50
600,52.80 ,21.61 ,46.33 ,-0.09 ,0.53 ,1.05 ,42.07 ,-10.05 ,-9.50
602,53.47 ,28.44 ,38.09 ,-0.13 ,0.50 ,1.09 ,42.93 ,-9.47 ,-9.25
604,51.64 ,40.71 ,30.52 ,-0.12 ,0.44 ,1.05 ,42.93 ,-9.47 ,-9.25
606,47.61 ,50.66 ,29.30 ,-0.10 ,0.43 ,0.95 ,42.93 ,-9.47 ,-9.25
608,41.44 ,51.82 ,28.99 ,-0.07 ,0.41 ,0.89 ,43.79 ,-9.59 ,-9.20
610,30.33 ,46.14 ,28.99 ,-0.05 ,0.35 ,0.79 ,43.79 ,-9.59 ,-9.20
612,28.44 ,27.71 ,41.75 ,0.01 ,0.44 ,0.83 ,43.79 ,-9.59 ,-9.20
614,64.15 ,8.73 ,48.40 ,0.02 ,0.50 ,0.89 ,44.54 ,-10.18 ,-8.62
616,62.13 ,8.85 ,41.69 ,0.01 ,0.49 ,0.97 ,44.54 ,-10.18 ,-8.62
618,21.85 ,25.57 ,24.05 ,-0.01 ,0.42 ,0.95 ,44.54 ,-10.18 ,-8.62
620,1.16 ,45.29 ,16.54 ,-0.01 ,0.37 ,0.79 ,44.54 ,-10.18 ,-8.62
622,12.76 ,36.56 ,23.25 ,-0.01 ,0.37 ,0.73 ,45.37 ,-9.92 ,-9.62
624,20.32 ,22.77 ,27.16 ,-0.01 ,0.37 ,0.70 ,45.37 ,-9.92 ,-9.62
626,24.23 ,-2.01 ,36.56 ,0.00 ,0.40 ,0.85 ,45.37 ,-9.92 ,-9.62
628,34.97 ,-5.68 ,40.95 ,-0.00 ,0.41 ,0.96 ,45.61 ,-9.88 ,-9.95
630,36.62 ,6.10 ,40.47 ,-0.01 ,0.47 ,0.92 ,45.61 ,-9.88 ,-9.95
632,36.56 ,10.80 ,36.68 ,-0.02 ,0.47 ,0.87 ,45.61 ,-9.88 ,-9.95
634,22.09 ,6.41 ,28.81 ,-0.03 ,0.43 ,0.90 ,45.70 ,-9.68 ,-11.21
636,4.46 ,2.38 ,25.57 ,-0.04 ,0.36 ,0.99 ,45.70 ,-9.68 ,-11.21
638,6.71 ,11.78 ,29.17 ,-0.03 ,0.34 ,0.96 ,45.70 ,-9.68 ,-11.21
640,15.87 ,14.34 ,32.71 ,-0.04 ,0.32 ,0.92 ,45.70 ,-9.68 ,-11.21
642,33.20 ,10.01 ,39.18 ,-0.03 ,0.31 ,0.91 ,46.18 ,-9.42 ,-11.79
644,37.35 ,7.39 ,43.52 ,-0.05 ,0.27 ,0.95 ,46.18 ,-9.42 ,-11.79
646,24.05 ,10.93 ,48.52 ,-0.04 ,0.29 ,0.91 ,46.18 ,-9.42 ,-11.79
648,29.79 ,4.15 ,54.57 ,0.01 ,0.32 ,0.91 ,46.37 ,-9.40 ,-12.72
650,42.05 ,3.11 ,54.44 ,-0.03 ,0.32 ,0.96 ,46.37 ,-9.40 ,-12.72
652,39.92 ,2.38 ,55.60 ,-0.03 ,0.31 ,1.01 ,46.37 ,-9.40 ,-12.72
654,35.34 ,9.16 ,52.61 ,-0.03 ,0.27 ,1.02 ,46.77 ,-8.52 ,-13.75
656,25.15 ,16.11 ,49.32 ,-0.01 ,0.24 ,0.97 ,46.77 ,-8.52 ,-13.75
658,22.77 ,17.58 ,49.19 ,0.00 ,0.22 ,0.94 ,46.77 ,-8.52 ,-13.75
660,23.07 ,17.09 ,50.17 ,0.01 ,0.20 ,0.90 ,46.77 ,-8.52 ,-13.75
662,21.73 ,14.83 ,52.00 ,-0.01 ,0.19 ,0.91 ,47.23 ,-8.34 ,-14.92
664,15.63 ,13.43 ,54.69 ,-0.02 ,0.18 ,0.95 ,47.23 ,-8.34 ,-14.92
666,20.26 ,12.51 ,61.83 ,-0.00 ,0.19 ,0.98 ,47.23 ,-8.34 ,-14.92
668,25.39 ,30.03 ,68.42 ,0.02 ,0.22 ,0.99 ,48.89 ,-9.27 ,-14.26
670,32.35 ,21.42 ,68.42 ,0.03 ,0.27 ,0.95 ,48.89 ,-9.27 ,-14.26
672,26.98 ,23.01 ,62.32 ,0.04 ,0.25 ,0.91 ,48.89 ,-9.27 ,-14.26
674,13.85 ,21.36 ,56.70 ,0.04 ,0.20 ,0.89 ,47.83 ,-11.95 ,-15.04
676,7.39 ,17.27 ,59.57 ,0.05 ,0.18 ,0.90 ,47.83 ,-11.95 ,-15.04
678,12.82 ,15.14 ,64.27 ,0.06 ,0.20 ,0.91 ,47.83 ,-11.95 ,-15.04
680,27.77 ,14.59 ,69.64 ,0.07 ,0.25 ,0.93 ,47.83 ,-11.95 ,-15.04
682,21.00 ,17.70 ,66.96 ,0.09 ,0.27 ,0.92 ,47.19 ,-14.75 ,-16.43
684,5.25 ,18.43 ,60.91 ,0.11 ,0.25 ,0.91 ,47.19 ,-14.75 ,-16.43
686,-2.38 ,18.19 ,58.72 ,0.12 ,0.23 ,0.89 ,47.19 ,-14.75 ,-16.43
688,-1.10 ,17.64 ,59.75 ,0.12 ,0.24 ,0.88 ,43.20 ,-16.76 ,-16.53
690,11.66 ,13.92 ,59.45 ,0.12 ,0.24 ,0.87 ,43.20 ,-16.76 ,-16.53
692,9.34 ,9.83 ,58.11 ,0.11 ,0.22 ,0.91 ,43.20 ,-16.76 ,-16.53
694,2.14 ,10.99 ,57.01 ,0.10 ,0.20 ,0.94 ,39.66 ,-15.98 ,-14.39
696,3.66 ,15.63 ,56.88 ,0.10 ,0.19 ,0.88 ,39.66 ,-15.98 ,-14.39
698,4.33 ,14.83 ,57.19 ,0.13 ,0.20 ,0.87 ,39.66 ,-15.98 ,-14.39
700,6.65 ,8.12 ,56.70 ,0.15 ,0.24 ,0.90 ,38.61 ,-15.01 ,-11.79
702,7.08 ,5.37 ,51.03 ,0.13 ,0.23 ,0.96 ,38.61 ,-15.01 ,-11.79
704,-8.18 ,15.87 ,47.18 ,0.14 ,0.22 ,0.98 ,38.61 ,-15.01 ,-11.79
706,-9.70 ,22.77 ,45.53 ,0.16 ,0.22 ,0.93 ,38.61 ,-15.01 ,-11.79
708,-8.85 ,28.14 ,45.17 ,0.19 ,0.22 ,0.82 ,39.29 ,-14.62 ,-10.73
710,1.28 ,17.21 ,47.18 ,0.20 ,0.25 ,0.79 ,39.29 ,-14.62 ,-10.73
712,4.27 ,3.54 ,46.81 ,0.21 ,0.28 ,0.87 ,39.29 ,-14.62 ,-10.73
714,8.67 ,-0.37 ,43.52 ,0.22 ,0.30 ,0.92 ,39.40 ,-14.79 ,-8.07
716,7.63 ,4.76 ,39.73 ,0.24 ,0.31 ,0.94 ,39.40 ,-14.79 ,-8.07
718,-3.91 ,19.17 ,31.13 ,0.27 ,0.33 ,0.85 ,39.40 ,-14.79 ,-8.07
720,-4.58 ,19.23 ,22.46 ,0.27 ,0.31 ,0.78 ,40.06 ,-14.99 ,-6.81
722,-18.25 ,9.46 ,15.14 ,0.26 ,0.27 ,0.81 ,40.06 ,-14.99 ,-6.81
724,-27.47 ,4.46 ,12.45 ,0.26 ,0.27 ,0.85 ,40.06 ,-14.99 ,-6.81
726,-21.12 ,3.30 ,12.08 ,0.27 ,0.27 ,0.86 ,40.06 ,-14.99 ,-6.81
728,-9.77 ,6.10 ,13.37 ,0.30 ,0.29 ,0.83 ,40.56 ,-15.47 ,-7.19
730,-4.21 ,13.00 ,10.86 ,0.31 ,0.31 ,0.74 ,40.56 ,-15.47 ,-7.19
732,0.18 ,3.66 ,3.54 ,0.29 ,0.32 ,0.71 ,40.56 ,-15.47 ,-7.19
734,-1.04 ,-16.05 ,-5.13 ,0.27 ,0.33 ,0.75 ,39.84 ,-15.45 ,-5.52
736,-8.54 ,-19.35 ,-11.90 ,0.24 ,0.33 ,0.86 ,39.84 ,-15.45 ,-5.52
738,-27.16 ,-14.47 ,-26.12 ,0.22 ,0.31 ,0.92 ,39.84 ,-15.45 ,-5.52
740,-41.32 ,-1.83 ,-36.01 ,0.21 ,0.23 ,0.93 ,39.09 ,-15.63 ,-5.15
742,-53.34 ,7.08 ,-35.34 ,0.20 ,0.19 ,0.90 ,39.09 ,-15.63 ,-5.15
744,-35.95 ,-1.16 ,-24.35 ,0.16 ,0.19 ,0.88 ,39.09 ,-15.63 ,-5.15
746,-30.58 ,-9.34 ,-20.81 ,0.14 ,0.19 ,0.89 ,39.09 ,-15.63 ,-5.15
748,-27.34 ,-22.16 ,-15.81 ,0.14 ,0.19 ,1.00 ,39.25 ,-15.01 ,-3.58
750,-6.84 ,-18.01 ,-10.38 ,0.13 ,0.21 ,1.06 ,39.25 ,-15.01 ,-3.58
752,0.98 ,-1.59 ,-9.46 ,0.15 ,0.18 ,0.98 ,39.25 ,-15.01 ,-3.58
754,-17.88 ,11.35 ,-9.52 ,0.17 ,0.17 ,0.89 ,38.31 ,-14.44 ,-1.97
756,-24.66 ,9.16 ,-7.32 ,0.21 ,0.15 ,0.73 ,38.31 ,-14.44 ,-1.97
758,-18.49 ,-9.52 ,3.97 ,0.25 ,0.25 ,0.71 ,38.31 ,-14.44 ,-1.97
760,14.22 ,-33.20 ,12.02 ,0.22 ,0.32 ,0.82 ,38.12 ,-12.61 ,-1.03
762,12.94 ,-37.66 ,6.96 ,0.19 ,0.34 ,0.87 ,38.12 ,-12.61 ,-1.03
764,-5.98 ,-38.64 ,2.93 ,0.16 ,0.34 ,0.93 ,38.12 ,-12.61 ,-1.03
766,-13.73 ,-43.70 ,1.22 ,0.15 ,0.35 ,0.99 ,38.12 ,-12.61 ,-1.03
768,-0.31 ,-41.56 ,1.28 ,0.11 ,0.34 ,1.00 ,37.02 ,-10.05 ,-0.84
770,5.00 ,-41.69 ,3.30 ,0.07 ,0.35 ,1.01 ,37.02 ,-10.05 ,-0.84
772,10.80 ,-46.81 ,1.28 ,0.01 ,0.37 ,1.04 ,37.02 ,-10.05 ,-0.84
774,-3.30 ,-51.03 ,-5.00 ,-0.03 ,0.36 ,1.12 ,35.85 ,-7.69 ,0.74
776,-9.83 ,-50.05 ,-11.72 ,-0.05 ,0.35 ,1.21 ,35.85 ,-7.69 ,0.74
778,-7.32 ,-48.40 ,-13.43 ,-0.07 ,0.34 ,1.27 ,35.85 ,-7.69 ,0.74
780,-0.49 ,-34.48 ,-13.92 ,-0.11 ,0.31 ,1.33 ,35.34 ,-5.04 ,1.28
782,-4.15 ,-13.49 ,-12.51 ,-0.14 ,0.31 ,1.27 ,35.34 ,-5.04 ,1.28
784,-14.59 ,-6.59 ,-13.85 ,-0.12 ,0.30 ,1.18 ,35.34 ,-5.04 ,1.28
786,-12.39 ,-26.18 ,-8.12 ,-0.11 ,0.30 ,1.19 ,35.34 ,-5.04 ,1.28
788,11.78 ,-23.01 ,-3.78 ,-0.13 ,0.34 ,1.33 ,35.19 ,-3.54 ,0.35
790,14.40 ,-8.36 ,-2.99 ,-0.11 ,0.40 ,1.36 ,35.19 ,-3.54 ,0.35
792,8.48 ,4.82 ,-5.80 ,-0.07 ,0.41 ,1.33 ,35.19 ,-3.54 ,0.35
794,7.39 ,15.69 ,-6.29 ,-0.04 ,0.44 ,1.24 ,33.37 ,-2.71 ,1.82
796,9.40 ,15.20 ,-8.79 ,-0.05 ,0.45 ,1.21 ,33.37 ,-2.71 ,1.82
798,13.31 ,5.43 ,-11.11 ,-0.03 ,0.46 ,1.22 ,33.37 ,-2.71 ,1.82
800,5.98 ,2.62 ,-15.87 ,-0.03 ,0.41 ,1.24 ,30.32 ,-3.96 ,2.14
802,4.64 ,7.20 ,-14.40 ,-0.02 ,0.39 ,1.19 ,30.32 ,-3.96 ,2.14
804,13.43 ,6.71 ,-10.86 ,-0.02 ,0.38 ,1.16 ,30.32 ,-3.96 ,2.14
806,26.43 ,2.26 ,-3.91 ,-0.01 ,0.42 ,1.17 ,30.32 ,-3.96 ,2.14
808,36.99 ,2.62 ,-3.48 ,-0.00 ,0.42 ,1.17 ,27.51 ,-7.15 ,-1.68
810,36.62 ,10.74 ,-6.90 ,0.01 ,0.40 ,1.14 ,27.51 ,-7.15 ,-1.68
812,24.78 ,17.88 ,-14.16 ,0.01 ,0.34 ,1.09 ,27.51 ,-7.15 ,-1.68
814,17.64 ,18.31 ,-19.29 ,-0.00 ,0.31 ,1.07 ,28.10 ,-12.79 ,-5.54
816,10.25 ,15.87 ,-18.19 ,0.00 ,0.24 ,1.06 ,28.10 ,-12.79 ,-5.54
818,11.35 ,15.20 ,-9.16 ,0.00 ,0.23 ,1.06 ,28.10 ,-12.79 ,-5.54
820,19.17 ,20.39 ,-4.33 ,0.01 ,0.27 ,1.01 ,32.25 ,-16.02 ,-8.42
822,22.28 ,18.62 ,-7.57 ,0.01 ,0.31 ,0.95 ,32.25 ,-16.02 ,-8.42
824,13.24 ,12.88 ,-17.27 ,0.04 ,0.28 ,0.93 ,32.25 ,-16.02 ,-8.42
826,5.31 ,9.95 ,-18.37 ,0.08 ,0.28 ,0.94 ,32.25 ,-16.02 ,-8.42
828,2.20 ,11.72 ,-21.18 ,0.10 ,0.27 ,0.95 ,37.48 ,-15.92 ,-9.86
830,-2.14 ,19.84 ,-25.82 ,0.10 ,0.23 ,0.91 ,37.48 ,-15.92 ,-9.86
832,-18.98 ,23.99 ,-26.98 ,0.11 ,0.21 ,0.86 ,37.48 ,-15.92 ,-9.86
834,-25.63 ,20.14 ,-24.54 ,0.10 ,0.24 ,0.83 ,40.99 ,-15.97 ,-10.35
836,-16.66 ,1.65 ,-31.13 ,0.10 ,0.24 ,0.81 ,40.99 ,-15.97 ,-10.35
838,-1.71 ,8.00 ,-33.08 ,0.12 ,0.16 ,0.78 ,40.99 ,-15.97 ,-10.35
840,-6.77 ,4.15 ,-26.18 ,0.13 ,0.17 ,0.81 ,42.90 ,-14.14 ,-9.09
842,11.11 ,-1.34 ,-13.43 ,0.13 ,0.20 ,0.86 ,42.90 ,-14.14 ,-9.09
844,42.91 ,-4.21 ,-3.05 ,0.11 ,0.22 ,0.89 ,42.90 ,-14.14 ,-9.09
846,56.03 ,0.49 ,1.40 ,0.11 ,0.21 ,0.90 ,43.55 ,-13.00 ,-9.17
848,52.67 ,5.98 ,1.22 ,0.10 ,0.20 ,0.89 ,43.55 ,-13.00 ,-9.17
850,41.32 ,17.15 ,-0.12 ,0.12 ,0.18 ,0.81 ,43.55 ,-13.00 ,-9.17
852,48.28 ,16.72 ,-1.04 ,0.13 ,0.14 ,0.73 ,43.55 ,-13.00 ,-9.17
854,48.52 ,8.42 ,-2.20 ,0.14 ,0.12 ,0.69 ,44.60 ,-11.94 ,-9.74
856,32.53 ,2.20 ,-6.41 ,0.13 ,0.09 ,0.68 ,44.60 ,-11.94 ,-9.74
858,22.16 ,0.67 ,-7.93 ,0.13 ,0.06 ,0.70 ,44.60 ,-11.94 ,-9.74
860,20.57 ,-2.50 ,-4.70 ,0.11 ,0.08 ,0.74 ,45.32 ,-11.10 ,-10.11
862,26.79 ,0.31 ,-3.72 ,0.10 ,0.07 ,0.74 ,45.32 ,-11.10 ,-10.11
864,-0.92 ,8.42 ,-8.18 ,0.12 ,0.05 ,0.72 ,45.32 ,-11.10 ,-10.11
866,-17.58 ,15.38 ,-11.54 ,0.14 ,0.06 ,0.69 ,45.67 ,-10.61 ,-8.65
868,-31.37 ,17.09 ,-13.12 ,0.16 ,0.07 ,0.61 ,45.67 ,-10.61 ,-8.65
870,-26.61 ,12.02 ,-13.61 ,0.19 ,0.07 ,0.55 ,45.67 ,-10.61 ,-8.65
872,-28.63 ,6.47 ,-14.10 ,0.19 ,0.05 ,0.52 ,45.96 ,-11.47 ,-8.58
874,-47.67 ,2.38 ,-15.93 ,0.19 ,0.06 ,0.50 ,45.96 ,-11.47 ,-8.58
876,-53.65 ,-7.45 ,-17.09 ,0.16 ,0.05 ,0.50 ,45.96 ,-11.47 ,-8.58
878,-49.68 ,-14.04 ,-11.96 ,0.14 ,0.05 ,0.52 ,45.96 ,-11.47 ,-8.58
880,-28.26 ,-26.86 ,-7.57 ,0.12 ,0.08 ,0.59 ,45.65 ,-12.60 ,-8.26
882,-18.80 ,-29.17 ,-2.14 ,0.10 ,0.15 ,0.64 ,45.65 ,-12.60 ,-8.26
884,-32.53 ,-22.83 ,-6.47 ,0.07 ,0.17 ,0.61 ,45.65 ,-12.60 ,-8.26
886,-42.97 ,-26.73 ,-14.59 ,0.05 ,0.16 ,0.55 ,44.93 ,-13.71 ,-9.39
888,-45.41 ,-46.45 ,-13.49 ,0.05 ,0.17 ,0.57 ,44.93 ,-13.71 ,-9.39
890,-39.61 ,-54.93 ,-10.44 ,0.06 ,0.26 ,0.73 ,44.93 ,-13.71 ,-9.39
892,-31.98 ,-53.77 ,-11.41 ,0.04 ,0.35 ,0.90 ,43.54 ,-13.81 ,-9.33
894,-54.44 ,-24.78 ,-30.09 ,-0.03 ,0.35 ,0.89 ,43.54 ,-13.81 ,-9.33
896,-98.45 ,-7.26 ,-45.84 ,-0.03 ,0.32 ,0.79 ,43.54 ,-13.81 ,-9.33
898,-98.39 ,-19.65 ,-40.47 ,-0.05 ,0.29 ,0.81 ,43.01 ,-16.09 ,-9.55
900,-98.57 ,-29.42 ,-24.54 ,-0.12 ,0.35 ,0.91 ,43.01 ,-16.09 ,-9.55
902,-64.45 ,-24.11 ,-28.14 ,-0.06 ,0.42 ,1.04 ,43.01 ,-16.09 ,-9.55
904,-31.01 ,0.73 ,-26.86 ,-0.04 ,0.36 ,1.04 ,43.01 ,-16.09 ,-9.55
906,-48.65 ,26.49 ,-25.02 ,0.05 ,0.29 ,0.84 ,42.53 ,-18.09 ,-9.31
908,-65.19 ,18.01 ,-10.13 ,0.12 ,0.31 ,0.70 ,42.53 ,-18.09 ,-9.31
910,-43.58 ,-7.69 ,5.98 ,0.18 ,0.37 ,0.72 ,42.53 ,-18.09 ,-9.31
912,0.79 ,-21.55 ,14.47 ,0.19 ,0.45 ,0.77 ,41.06 ,-21.39 ,-7.37
914,17.88 ,-21.85 ,1.77 ,0.13 ,0.52 ,0.86 ,41.06 ,-21.39 ,-7.37
916,-0.49 ,-19.84 ,-6.65 ,0.06 ,0.45 ,0.90 ,41.06 ,-21.39 ,-7.37
918,-34.67 ,-27.47 ,-7.32 ,0.01 ,0.41 ,0.96 ,36.85 ,-22.73 ,-7.25
920,-9.64 ,-40.89 ,13.92 ,-0.00 ,0.51 ,1.14 ,36.85 ,-22.73 ,-7.25
922,36.56 ,-36.93 ,28.44 ,-0.03 ,0.63 ,1.30 ,36.85 ,-22.73 ,-7.25
924,22.22 ,-7.93 ,18.43 ,0.04 ,0.67 ,1.37 ,32.42 ,-23.05 ,-3.34
926,-0.12 ,14.77 ,8.54 ,0.09 ,0.69 ,1.32 ,32.42 ,-23.05 ,-3.34
928,-13.49 ,49.13 ,-8.42 ,0.19 ,0.62 ,1.06 ,32.42 ,-23.05 ,-3.34
930,-14.04 ,37.23 ,-10.01 ,0.17 ,0.59 ,0.96 ,31.98 ,-21.98 ,0.81
932,6.53 ,3.54 ,-10.56 ,0.14 ,0.63 ,1.11 ,31.98 ,-21.98 ,0.81
934,7.81 ,-8.24 ,-19.04 ,0.13 ,0.66 ,1.25 ,31.98 ,-21.98 ,0.81
936,-0.06 ,2.26 ,-27.71 ,0.14 ,0.61 ,1.33 ,31.98 ,-21.98 ,0.81
938,-21.06 ,23.86 ,-33.02 ,0.17 ,0.56 ,1.22 ,32.04 ,-21.75 ,3.63
940,-8.54 ,19.41 ,-26.92 ,0.22 ,0.55 ,1.14 ,32.04 ,-21.75 ,3.63
942,25.45 ,-1.22 ,-12.39 ,0.18 ,0.58 ,1.16 ,32.04 ,-21.75 ,3.63
944,38.27 ,-9.09 ,-8.36 ,0.15 ,0.59 ,1.18 ,31.99 ,-22.17 ,3.89
946,54.50 ,-23.68 ,-6.47 ,0.17 ,0.58 ,1.23 ,31.99 ,-22.17 ,3.89
948,70.50 ,-31.37 ,-1.04 ,0.13 ,0.63 ,1.32 ,31.99 ,-22.17 ,3.89
950,76.05 ,-28.38 ,-3.91 ,0.09 ,0.61 ,1.33 ,31.97 ,-24.32 ,1.93
952,69.76 ,-22.71 ,-8.12 ,0.08 ,0.58 ,1.28 ,31.97 ,-24.32 ,1.93
954,69.34 ,-23.74 ,-8.18 ,0.06 ,0.59 ,1.28 ,31.97 ,-24.32 ,1.93
956,67.63 ,-24.96 ,-17.09 ,0.02 ,0.61 ,1.28 ,31.97 ,-24.32 ,1.93
958,55.85 ,-20.08 ,-32.17 ,0.00 ,0.46 ,1.28 ,34.56 ,-25.44 ,-3.86
960,40.77 ,-2.38 ,-32.65 ,0.05 ,0.41 ,1.16 ,34.56 ,-25.44 ,-3.86
962,50.05 ,1.53 ,-28.63 ,0.07 ,0.40 ,1.06 ,34.56 ,-25.44 ,-3.86
964,69.76 ,-5.74 ,-26.73 ,0.09 ,0.40 ,0.96 ,39.00 ,-21.86 ,-9.38
966,80.81 ,-22.71 ,-27.77 ,0.03 ,0.34 ,0.96 ,39.00 ,-21.86 ,-9.38
968,62.56 ,-29.85 ,-28.63 ,-0.02 ,0.23 ,0.99 ,39.00 ,-21.86 ,-9.38
970,66.35 ,-25.33 ,-23.68 ,-0.03 ,0.17 ,0.97 ,41.89 ,-14.51 ,-13.45
972,73.30 ,-23.38 ,-17.58 ,0.00 ,0.14 ,0.96 ,41.89 ,-14.51 ,-13.45
974,93.14 ,-18.49 ,-6.77 ,-0.00 ,0.19 ,0.95 ,41.89 ,-14.51 ,-13.45
976,80.32 ,-11.29 ,-12.82 ,0.02 ,0.18 ,0.88 ,41.89 ,-14.51 ,-13.45
978,59.08 ,-7.14 ,-23.56 ,0.04 ,0.13 ,0.80 ,42.29 ,-8.58 ,-14.58
980,67.20 ,-16.72 ,-21.06 ,-0.00 ,0.10 ,0.86 ,42.29 ,-8.58 ,-14.58
982,78.67 ,-23.01 ,-10.56 ,-0.04 ,0.10 ,0.92 ,42.29 ,-8.58 ,-14.58
984,104.74 ,-23.62 ,-7.75 ,-0.08 ,0.07 ,0.98 ,41.46 ,-3.58 ,-13.94
986,98.39 ,-11.35 ,-6.84 ,-0.05 ,0.01 ,0.93 ,41.46 ,-3.58 ,-13.94
988,84.29 ,-1.40 ,-4.76 ,-0.02 ,0.01 ,0.88 ,41.46 ,-3.58 ,-13.94
990,95.15 ,1.22 ,-3.17 ,-0.01 ,0.01 ,0.83 ,41.26 ,-0.12 ,-13.37
992,103.58 ,7.14 ,-9.16 ,-0.02 ,0.00 ,0.74 ,41.26 ,-0.12 ,-13.37
994,99.73 ,1.46 ,-12.57 ,-0.02 ,-0.08 ,0.73 ,41.26 ,-0.12 ,-13.37
996,101.99 ,-4.76 ,-10.38 ,-0.04 ,-0.13 ,0.80 ,41.14 ,4.13 ,-11.57
998,122.19 ,-12.51 ,-3.85 ,-0.08 ,-0.17 ,0.91 ,41.14 ,4.13 ,-11.57
1000,138.43 ,-1.22 ,1.65 ,-0.07 ,-0.23 ,0.88 ,41.14 ,4.13 ,-11.57
1002,127.87 ,8.97 ,6.84 ,-0.04 ,-0.21 ,0.80 ,41.14 ,4.13 ,-11.57
1004,117.49 ,9.09 ,3.17 ,-0.05 ,-0.27 ,0.75 ,41.02 ,8.50 ,-10.56
1006,111.27 ,4.58 ,3.36 ,-0.05 ,-0.30 ,0.76 ,41.02 ,8.50 ,-10.56
1008,112.00 ,0.37 ,5.86 ,-0.08 ,-0.38 ,0.74 ,41.02 ,8.50 ,-10.56
1010,131.47 ,-6.04 ,12.63 ,-0.05 ,-0.43 ,0.77 ,41.42 ,10.93 ,-10.01
1012,160.58 ,-12.51 ,25.09 ,-0.03 ,-0.51 ,0.78 ,41.42 ,10.93 ,-10.01
1014,153.50 ,-10.38 ,38.27 ,-0.06 ,-0.52 ,0.80 ,41.42 ,10.93 ,-10.01
1016,161.07 ,-7.39 ,28.50 ,-0.06 ,-0.42 ,0.77 ,41.21 ,15.08 ,-7.89
1018,138.79 ,-0.61 ,21.55 ,-0.03 ,-0.47 ,0.67 ,41.21 ,15.08 ,-7.89
1020,98.63 ,0.06 ,7.93 ,-0.02 ,-0.55 ,0.67 ,41.21 ,15.08 ,-7.89
1022,104.86 ,-2.99 ,-1.95 ,-0.01 ,-0.59 ,0.67 ,41.41 ,17.08 ,-5.52
1024,136.78 ,-4.03 ,-12.51 ,-0.02 ,-0.58 ,0.61 ,41.41 ,17.08 ,-5.52
1026,119.69 ,-7.39 ,8.42 ,-0.00 ,-0.66 ,0.60 ,41.41 ,17.08 ,-5.52
1028,113.53 ,-9.22 ,17.52 ,0.02 ,-0.62 ,0.64 ,41.41 ,17.08 ,-5.52
1030,101.44 ,-5.68 ,20.75 ,0.03 ,-0.61 ,0.63 ,41.49 ,20.24 ,-3.74
1032,21.61 ,5.19 ,17.76 ,0.04 ,-0.52 ,0.64 ,41.49 ,20.24 ,-3.74
1034,-39.86 ,20.57 ,1.71 ,0.07 ,-0.55 ,0.57 ,41.49 ,20.24 ,-3.74
1036,-85.75 ,29.30 ,-5.98 ,0.06 ,-0.53 ,0.57 ,41.47 ,19.30 ,-3.82
1038,-72.75 ,29.91 ,-11.72 ,0.08 ,-0.56 ,0.47 ,41.47 ,19.30 ,-3.82
1040,-58.53 ,12.51 ,-10.68 ,0.10 ,-0.57 ,0.48 ,41.47 ,19.30 ,-3.82
1042,-47.55 ,2.81 ,-6.35 ,0.08 ,-0.52 ,0.51 ,41.67 ,18.93 ,-4.57
1044,-52.49 ,-1.10 ,-9.34 ,0.09 ,-0.50 ,0.56 ,41.67 ,18.93 ,-4.57
1046,-60.12 ,0.73 ,-11.96 ,0.10 ,-0.48 ,0.56 ,41.67 ,18.93 ,-4.57
1048,-49.80 ,1.95 ,-16.42 ,0.09 ,-0.55 ,0.51 ,41.67 ,18.93 ,-4.57
1050,-33.33 ,-5.00 ,-13.31 ,0.08 ,-0.49 ,0.49 ,41.30 ,17.74 ,-5.00
1052,-14.34 ,-20.87 ,-17.70 ,0.08 ,-0.50 ,0.53 ,41.30 ,17.74 ,-5.00
1054,-13.61 ,-23.38 ,-19.17 ,0.07 ,-0.49 ,0.59 ,41.30 ,17.74 ,-5.00
1056,5.25 ,-13.92 ,-21.18 ,0.07 ,-0.54 ,0.56 ,40.52 ,17.66 ,-5.33
1058,8.73 ,-13.92 ,-16.11 ,0.04 ,-0.50 ,0.56 ,40.52 ,17.66 ,-5.33
1060,16.11 ,-22.22 ,-20.20 ,0.02 ,-0.44 ,0.69 ,40.52 ,17.66 ,-5.33
1062,28.99 ,-17.70 ,-34.55 ,-0.01 ,-0.47 ,0.79 ,39.62 ,18.27 ,-6.40
1064,37.41 ,-4.15 ,-36.01 ,-0.03 ,-0.59 ,0.94 ,39.62 ,18.27 ,-6.40
1066,69.89 ,35.28 ,-29.24 ,-0.07 ,-0.69 ,0.89 ,39.62 ,18.27 ,-6.40
1068,96.44 ,73.49 ,-10.19 ,-0.08 ,-0.69 ,0.57 ,39.62 ,18.27 ,-6.40
1070,96.80 ,60.49 ,3.11 ,-0.03 ,-0.58 ,0.36 ,40.16 ,20.61 ,-3.97
1072,84.11 ,4.21 ,-2.75 ,-0.06 ,-0.59 ,0.54 ,40.16 ,20.61 ,-3.97
1074,108.89 ,-21.06 ,-17.03 ,-0.08 ,-0.70 ,0.63 ,40.16 ,20.61 ,-3.97
1076,100.59 ,-20.20 ,-14.83 ,-0.08 ,-0.87 ,0.74 ,40.16 ,21.53 ,-2.45
1078,68.79 ,-6.65 ,2.20 ,-0.05 ,-0.90 ,0.70 ,40.16 ,21.53 ,-2.45
1080,34.85 ,0.31 ,21.18 ,-0.10 ,-0.74 ,0.56 ,40.16 ,21.53 ,-2.45
1082,19.71 ,-21.30 ,2.81 ,-0.18 ,-0.69 ,0.53 ,40.19 ,20.79 ,-1.79
1084,-6.23 ,-52.92 ,-28.26 ,-0.22 ,-0.90 ,0.64 ,40.19 ,20.79 ,-1.79
1086,-30.46 ,-61.65 ,-32.78 ,-0.26 ,-1.04 ,0.79 ,40.19 ,20.79 ,-1.79
1088,-45.04 ,-43.95 ,-16.97 ,-0.25 ,-1.08 ,0.75 ,38.77 ,18.85 ,-5.36
1090,-69.21 ,-35.58 ,10.62 ,-0.21 ,-1.01 ,0.71 ,38.77 ,18.85 ,-5.36
1092,-53.41 ,-37.29 ,16.60 ,-0.12 ,-0.76 ,0.75 ,38.77 ,18.85 ,-5.36
1094,-0.31 ,-38.64 ,10.01 ,-0.03 ,-0.79 ,0.73 ,38.40 ,14.17 ,-7.59
1096,-17.88 ,-33.87 ,6.23 ,0.00 ,-0.73 ,0.80 ,38.40 ,14.17 ,-7.59
1098,-19.17 ,-16.66 ,2.08 ,-0.01 ,-0.71 ,0.72 ,38.40 ,14.17 ,-7.59
1100,-39.55 ,-9.52 ,-2.69 ,-0.04 ,-0.66 ,0.66 ,37.74 ,11.17 ,-7.71
1102,-56.70 ,-26.18 ,-18.62 ,-0.04 ,-0.68 ,0.69 ,37.74 ,11.17 ,-7.71
1104,-58.59 ,-34.18 ,-24.41 ,-0.07 ,-0.77 ,0.86 ,37.74 ,11.17 ,-7.71
1106,-54.08 ,-33.75 ,-31.01 ,-0.13 ,-0.87 ,0.99 ,37.74 ,11.17 ,-7.71
1108,-146.12 ,15.99 ,1.10 ,-0.09 ,-0.95 ,1.97 ,36.49 ,7.82 ,-7.63
1110,-131.47 ,96.74 ,-7.08 ,-0.28 ,-1.52 ,1.29 ,36.49 ,7.82 ,-7.63
1112,-145.51 ,72.45 ,-17.52 ,-0.13 ,-0.46 ,0.82 ,36.49 ,7.82 ,-7.63
1114,-116.21 ,38.39 ,-25.63 ,-0.21 ,-0.75 ,0.87 ,38.57 ,2.22 ,-7.21
1116,-100.10 ,4.64 ,-37.17 ,-0.26 ,-0.68 ,0.84 ,38.57 ,2.22 ,-7.21
1118,-105.77 ,-21.24 ,-45.41 ,-0.24 ,-0.66 ,0.83 ,38.57 ,2.22 ,-7.21
1120,-106.69 ,-61.95 ,-37.96 ,-0.21 ,-0.61 ,1.02 ,38.24 ,-0.84 ,-7.90
1122,-100.34 ,-91.92 ,-28.87 ,-0.27 ,-0.55 ,1.35 ,38.24 ,-0.84 ,-7.90
1124,-150.09 ,-67.14 ,-21.36 ,-0.26 ,-0.45 ,1.60 ,38.24 ,-0.84 ,-7.90
1126,-180.42 ,7.26 ,-13.55 ,-0.22 ,-0.35 ,1.58 ,37.52 ,-6.35 ,-11.16
1128,-190.06 ,32.47 ,-14.65 ,-0.18 ,-0.24 ,1.35 ,37.52 ,-6.35 ,-11.16
1130,-207.03 ,50.90 ,-15.56 ,-0.18 ,-0.11 ,1.18 ,37.52 ,-6.35 ,-11.16
1132,-206.30 ,49.26 ,-23.68 ,-0.20 ,-0.09 ,1.07 ,37.52 ,-6.35 ,-11.16
1134,-221.98 ,33.26 ,-18.25 ,-0.21 ,-0.05 ,1.08 ,39.43 ,-11.33 ,-13.23
1136,-224.12 ,29.48 ,-8.48 ,-0.18 ,0.03 ,1.07 ,39.43 ,-11.33 ,-13.23
1138,-170.72 ,26.55 ,-9.95 ,-0.15 ,0.13 ,0.99 ,39.43 ,-11.33 ,-13.23
1140,-106.57 ,9.34 ,-9.22 ,-0.13 ,0.12 ,0.96 ,40.23 ,-13.51 ,-13.09
1142,-92.59 ,0.55 ,-3.05 ,-0.14 ,0.19 ,0.98 ,40.23 ,-13.51 ,-13.09
1144,-120.30 ,9.28 ,-6.16 ,-0.14 ,0.26 ,0.96 ,40.23 ,-13.51 ,-13.09
1146,-136.35 ,17.03 ,-17.76 ,-0.14 ,0.26 ,0.95 ,39.88 ,-13.87 ,-15.69
1148,-140.87 ,18.80 ,-17.27 ,-0.15 ,0.26 ,0.97 ,39.88 ,-13.87 ,-15.69
1150,-147.89 ,24.29 ,-9.09 ,-0.14 ,0.32 ,0.97 ,39.88 ,-13.87 ,-15.69
1152,-159.36 ,31.68 ,-6.10 ,-0.11 ,0.42 ,0.89 ,39.88 ,-13.87 ,-13.26
1154,-158.14 ,29.05 ,-12.88 ,-0.08 ,0.48 ,0.79 ,39.82 ,-16.53 ,-13.26
1156,-165.71 ,15.56 ,-17.82 ,-0.08 ,0.53 ,0.78 ,39.82 ,-16.53 ,-13.26
1158,-172.06 ,9.95 ,-19.29 ,-0.07 ,0.52 ,0.79 ,39.82 ,-16.53 ,-13.26
1160,-192.26 ,9.16 ,-20.63 ,-0.09 ,0.59 ,0.81 ,40.05 ,-18.97 ,-12.23
1162,-243.23 ,17.40 ,-11.29 ,-0.08 ,0.65 ,0.79 ,40.05 ,-18.97 ,-12.23
1164,-257.87 ,23.44 ,-14.65 ,-0.05 ,0.82 ,0.75 ,40.05 ,-18.97 ,-12.23
1166,-185.85 ,30.21 ,-54.44 ,-0.04 ,0.71 ,0.61 ,41.24 ,-22.81 ,-6.99
1168,-191.35 ,25.82 ,-57.56 ,0.00 ,0.73 ,0.51 ,41.24 ,-22.81 ,-6.99
1170,-146.79 ,10.01 ,-58.59 ,0.01 ,0.69 ,0.48 ,41.24 ,-22.81 ,-6.99
1172,-135.44 ,5.19 ,-52.61 ,0.05 ,0.61 ,0.45 ,42.81 ,-24.22 ,-3.70
1174,-127.14 ,4.09 ,-36.07 ,0.03 ,0.68 ,0.47 ,42.81 ,-24.22 ,-3.70
1176,-80.75 ,4.39 ,-29.91 ,0.03 ,0.67 ,0.45 ,42.81 ,-24.22 ,-3.70
1178,-40.22 ,4.21 ,-23.68 ,0.04 ,0.60 ,0.44 ,42.81 ,-24.22 ,-1.35
1180,-23.62 ,5.62 ,-18.74 ,0.06 ,0.58 ,0.43 ,43.29 ,-24.76 ,-1.35
1182,2.38 ,10.56 ,-4.15 ,0.03 ,0.60 ,0.43 ,43.29 ,-24.76 ,-1.35
1184,6.84 ,14.59 ,1.10 ,0.05 ,0.64 ,0.43 ,43.29 ,-24.76 ,-1.35
1186,-2.32 ,18.92 ,-2.14 ,0.05 ,0.63 ,0.40 ,43.70 ,-24.37 ,-1.07
1188,-3.36 ,18.37 ,-5.25 ,0.06 ,0.61 ,0.40 ,43.70 ,-24.37 ,-1.07
1190,15.69 ,17.82 ,-5.19 ,0.09 ,0.53 ,0.39 ,43.70 ,-24.37 ,-1.07
1192,17.64 ,21.18 ,3.17 ,0.11 ,0.52 ,0.37 ,43.43 ,-24.27 ,-1.45
1194,20.02 ,23.74 ,11.90 ,0.07 ,0.58 ,0.32 ,43.43 ,-24.27 ,-1.45
1196,23.25 ,13.06 ,12.39 ,0.10 ,0.62 ,0.36 ,43.43 ,-24.27 ,-1.45
1198,30.58 ,12.08 ,14.10 ,0.11 ,0.63 ,0.40 ,43.86 ,-24.01 ,-0.60
1200,43.21 ,14.77 ,17.09 ,0.08 ,0.65 ,0.41 ,43.86 ,-24.01 ,-0.60
1202,22.89 ,14.95 ,14.10 ,0.09 ,0.64 ,0.42 ,43.86 ,-24.01 ,-0.60
1204,-0.37 ,15.08 ,7.45 ,0.09 ,0.56 ,0.43 ,43.86 ,-24.01 ,-0.60
1206,-6.65 ,16.24 ,7.75 ,0.07 ,0.54 ,0.44 ,44.21 ,-24.41 ,-1.56
1208,-6.96 ,18.31 ,16.72 ,0.00 ,0.58 ,0.44 ,44.21 ,-24.41 ,-1.56
1210,-5.37 ,15.99 ,28.63 ,-0.01 ,0.70 ,0.46 ,44.21 ,-24.41 ,-1.56
1212,-18.25 ,14.95 ,24.05 ,-0.04 ,0.71 ,0.48 ,43.77 ,-25.74 ,-0.18
1214,-34.00 ,18.62 ,20.39 ,-0.00 ,0.72 ,0.50 ,43.77 ,-25.74 ,-0.18
1216,13.37 ,24.96 ,25.33 ,0.02 ,0.68 ,0.49 ,43.77 ,-25.74 ,-0.18
1218,19.84 ,29.30 ,35.03 ,0.00 ,0.69 ,0.50 ,43.81 ,-27.70 ,-0.44
1220,34.00 ,39.73 ,51.15 ,0.04 ,0.78 ,0.37 ,43.81 ,-27.70 ,-0.44
1222,1.59 ,31.74 ,46.63 ,0.06 ,0.90 ,0.35 ,43.81 ,-27.70 ,-0.44
1224,-1.10 ,15.38 ,35.03 ,0.06 ,0.93 ,0.39 ,43.81 ,-27.70 ,-0.44
1226,3.78 ,11.54 ,29.24 ,0.06 ,0.94 ,0.48 ,43.16 ,-29.97 ,2.25
1228,-2.93 ,13.18 ,18.62 ,0.04 ,0.93 ,0.54 ,43.16 ,-29.97 ,2.25
1230,22.28 ,19.17 ,20.14 ,0.02 ,0.92 ,0.58 ,43.16 ,-29.97 ,2.25
1232,44.56 ,25.94 ,23.80 ,-0.01 ,0.90 ,0.56 ,41.85 ,-33.02 ,3.23
1234,35.22 ,26.37 ,23.32 ,0.05 ,0.88 ,0.51 ,41.85 ,-33.02 ,3.23
1236,24.84 ,22.46 ,21.48 ,0.08 ,0.85 ,0.55 ,41.85 ,-33.02 ,3.23
1238,57.01 ,15.32 ,34.85 ,0.03 ,0.87 ,0.60 ,38.64 ,-35.68 ,5.46
1240,101.38 ,7.45 ,49.32 ,0.01 ,1.02 ,0.61 ,38.64 ,-35.68 ,5.46
1242,105.41 ,-6.23 ,39.49 ,0.02 ,1.09 ,0.65 ,38.64 ,-35.68 ,5.46
1244,90.03 ,-8.73 ,23.25 ,-0.02 ,1.02 ,0.79 ,38.64 ,-35.68 ,5.46
1246,59.02 ,3.78 ,2.56 ,-0.02 ,0.85 ,0.93 ,34.25 ,-37.15 ,6.16
1248,61.10 ,39.25 ,0.06 ,0.05 ,0.76 ,0.82 ,34.25 ,-37.15 ,6.16
1250,100.34 ,51.76 ,13.43 ,0.06 ,0.73 ,0.72 ,34.25 ,-37.15 ,6.16
1252,116.09 ,43.27 ,19.96 ,0.04 ,0.74 ,0.65 ,30.51 ,-37.08 ,8.65
1254,122.31 ,16.66 ,32.29 ,0.04 ,0.78 ,0.76 ,30.51 ,-37.08 ,8.65
1256,114.50 ,8.42 ,27.95 ,0.03 ,0.73 ,0.88 ,30.51 ,-37.08 ,8.65
1258,96.19 ,21.91 ,24.35 ,0.04 ,0.68 ,0.85 ,24.80 ,-36.15 ,7.91
1260,87.04 ,27.53 ,25.39 ,0.02 ,0.63 ,0.81 ,24.80 ,-36.15 ,7.91
1262,79.71 ,19.29 ,35.64 ,0.00 ,0.66 ,0.76 ,24.80 ,-36.15 ,7.91
1264,78.55 ,4.15 ,32.71 ,0.01 ,0.70 ,0.84 ,24.80 ,-36.15 ,7.91
1266,96.44 ,-3.60 ,26.79 ,0.03 ,0.67 ,1.00 ,18.38 ,-32.34 ,8.98
1268,125.79 ,12.94 ,23.50 ,0.04 ,0.67 ,1.05 ,18.38 ,-32.34 ,8.98
1270,139.95 ,27.77 ,21.18 ,0.02 ,0.65 ,1.04 ,18.38 ,-32.34 ,8.98
1272,145.75 ,29.30 ,18.19 ,0.04 ,0.60 ,1.01 ,14.43 ,-27.28 ,5.99
1274,155.03 ,19.41 ,15.93 ,0.05 ,0.48 ,1.04 ,14.43 ,-27.28 ,5.99
1276,157.96 ,7.14 ,23.74 ,-0.02 ,0.43 ,1.12 ,14.43 ,-27.28 ,5.99
1278,118.35 ,4.58 ,20.08 ,-0.04 ,0.43 ,1.16 ,12.73 ,-22.81 ,2.65
1280,94.85 ,7.08 ,11.96 ,0.00 ,0.37 ,1.16 ,12.73 ,-22.81 ,2.65
1282,72.88 ,7.63 ,6.71 ,0.01 ,0.29 ,1.14 ,12.73 ,-22.81 ,2.65
1284,103.82 ,-2.81 ,13.55 ,0.02 ,0.24 ,1.18 ,12.73 ,-22.81 ,2.65
1286,135.31 ,-7.69 ,20.81 ,-0.03 ,0.27 ,1.24 ,12.93 ,-19.09 ,-0.26
1288,148.68 ,-2.81 ,12.88 ,-0.05 ,0.24 ,1.20 ,12.93 ,-19.09 ,-0.26
1290,147.52 ,-1.16 ,7.20 ,-0.01 ,0.20 ,1.17 ,12.93 ,-19.09 ,-0.26
1292,158.69 ,-8.00 ,-2.26 ,-0.03 ,0.03 ,1.13 ,15.17 ,-15.09 ,-5.74
1294,173.28 ,-15.99 ,3.11 ,-0.04 ,-0.07 ,1.10 ,15.17 ,-15.09 ,-5.74
1296,194.58 ,-27.59 ,14.83 ,-0.04 ,-0.15 ,1.09 ,15.17 ,-15.09 ,-5.74
1298,207.09 ,-39.12 ,28.38 ,-0.02 ,-0.09 ,1.14 ,18.70 ,-7.40 ,-10.21
1300,231.45 ,-44.86 ,24.35 ,-0.02 ,-0.11 ,1.17 ,18.70 ,-7.40 ,-10.21
1302,224.91 ,-41.75 ,21.42 ,-0.05 ,-0.18 ,1.21 ,18.70 ,-7.40 ,-10.21
1304,218.32 ,-27.22 ,13.85 ,-0.06 ,-0.27 ,1.19 ,23.80 ,1.71 ,-12.06
1306,209.72 ,-8.42 ,9.09 ,-0.04 ,-0.37 ,1.05 ,23.80 ,1.71 ,-12.06
1308,179.44 ,-0.92 ,14.10 ,-0.05 ,-0.43 ,0.97 ,23.80 ,1.71 ,-12.06
1310,150.45 ,-3.05 ,15.32 ,-0.06 ,-0.41 ,0.96 ,23.80 ,1.71 ,-12.06
1312,151.49 ,-1.16 ,7.51 ,-0.04 ,-0.45 ,0.94 ,29.30 ,8.15 ,-12.46
1314,157.65 ,-0.61 ,7.75 ,0.01 ,-0.48 ,0.90 ,29.30 ,8.15 ,-12.46
1316,190.31 ,-5.37 ,6.53 ,-0.01 ,-0.55 ,0.82 ,29.30 ,8.15 ,-12.46
1318,191.10 ,-13.85 ,7.08 ,-0.02 ,-0.57 ,0.79 ,33.30 ,14.09 ,-11.13
1320,174.32 ,-15.50 ,-2.01 ,-0.02 ,-0.60 ,0.76 ,33.30 ,14.09 ,-11.13
1322,163.94 ,-14.40 ,-9.64 ,-0.01 ,-0.60 ,0.74 ,33.30 ,14.09 ,-11.13
1324,152.10 ,-12.02 ,-21.73 ,0.03 ,-0.70 ,0.66 ,35.23 ,19.29 ,-7.02
1326,101.81 ,-16.60 ,-4.09 ,0.03 ,-0.71 ,0.69 ,35.23 ,19.29 ,-7.02
1328,66.47 ,-8.00 ,-4.70 ,0.01 ,-0.62 ,0.66 ,35.23 ,19.29 ,-7.02
1330,56.76 ,-1.59 ,-23.44 ,0.01 ,-0.71 ,0.52 ,35.94 ,21.44 ,-5.43
1332,44.37 ,-4.58 ,-28.20 ,-0.01 ,-0.76 ,0.49 ,35.94 ,21.44 ,-5.43
1334,33.33 ,-13.18 ,-26.79 ,-0.04 ,-0.78 ,0.47 ,35.94 ,21.44 ,-5.43
1336,37.66 ,-22.89 ,-24.84 ,-0.06 ,-0.81 ,0.47 ,35.94 ,21.44 ,-5.43
1338,42.85 ,-33.14 ,-25.33 ,-0.08 ,-0.79 ,0.50 ,36.58 ,22.79 ,-5.22
1340,44.19 ,-35.77 ,-28.38 ,-0.08 ,-0.82 ,0.53 ,36.58 ,22.79 ,-5.22
1342,40.65 ,-32.29 ,-30.21 ,-0.07 ,-0.83 ,0.52 ,36.58 ,22.79 ,-5.22
1344,45.53 ,-32.04 ,-26.86 ,-0.03 ,-0.78 ,0.51 ,35.02 ,23.66 ,-2.61
1346,61.71 ,-28.44 ,-29.66 ,-0.05 ,-0.74 ,0.39 ,35.02 ,23.66 ,-2.61
1348,34.42 ,-28.20 ,-38.02 ,-0.06 ,-0.68 ,0.29 ,35.02 ,23.66 ,-2.61
1350,28.26 ,-32.90 ,-50.60 ,-0.06 ,-0.70 ,0.26 ,34.28 ,25.74 ,-1.65
1352,18.86 ,-46.69 ,-52.37 ,-0.10 ,-0.73 ,0.28 ,34.28 ,25.74 ,-1.65
1354,11.47 ,-50.23 ,-51.70 ,-0.14 ,-0.78 ,0.28 ,34.28 ,25.74 ,-1.65
1356,-1.40 ,-41.87 ,-43.52 ,-0.12 ,-0.74 ,0.11 ,34.28 ,25.74 ,-1.65
1358,-15.75 ,-54.02 ,-31.07 ,-0.11 ,-0.70 ,-0.03 ,31.70 ,25.65 ,-3.17
1360,-63.29 ,-68.60 ,-12.70 ,-0.18 ,-0.61 ,0.06 ,31.70 ,25.65 ,-3.17
1362,-82.09 ,-92.65 ,-16.72 ,-0.23 ,-0.54 ,0.15 ,31.70 ,25.65 ,-3.17
1364,-52.19 ,-90.33 ,-29.60 ,-0.17 ,-0.49 ,0.27 ,29.82 ,25.15 ,-4.81
1366,2.38 ,-97.72 ,-56.46 ,-0.21 ,-0.42 ,0.39 ,29.82 ,25.15 ,-4.81
1368,-32.47 ,-67.20 ,-91.13 ,-0.33 ,-0.51 ,0.44 ,29.82 ,25.15 ,-4.81
1370,-130.92 ,-36.01 ,-104.06 ,-0.32 ,-0.61 ,0.45 ,25.62 ,23.75 ,-7.19
1372,-137.94 ,-23.99 ,-99.49 ,-0.24 ,-0.48 ,0.49 ,25.62 ,23.75 ,-7.19
1374,-77.82 ,-10.56 ,-103.88 ,-0.19 ,-0.25 ,0.40 ,25.62 ,23.75 ,-7.19
1376,-71.84 ,-5.62 ,-128.05 ,-0.22 ,-0.00 ,0.53 ,25.62 ,23.75 ,-8.22
1378,-87.34 ,-1.22 ,-181.58 ,-0.44 ,-0.15 ,0.89 ,22.18 ,22.36 ,-8.22
1380,-125.49 ,50.23 ,-215.27 ,-0.64 ,-0.50 ,1.05 ,22.18 ,22.36 ,-8.22
1382,-178.22 ,117.25 ,-198.36 ,-0.67 ,-0.56 ,1.02 ,22.18 ,22.36 ,-8.22
1384,-174.32 ,136.78 ,-171.51 ,-0.68 ,-0.40 ,0.84 ,19.51 ,18.12 ,-12.63
1386,-172.85 ,140.14 ,-163.82 ,-0.66 ,-0.22 ,0.79 ,19.51 ,18.12 ,-12.63
1388,-117.00 ,104.92 ,-173.16 ,-0.72 ,-0.11 ,1.01 ,19.51 ,18.12 ,-12.63
1390,-81.67 ,106.51 ,-185.73 ,-0.82 ,-0.23 ,1.11 ,20.69 ,12.56 ,-15.04
1392,-113.22 ,150.21 ,-173.46 ,-0.83 ,-0.18 ,1.04 ,20.69 ,12.56 ,-15.04
1394,-69.95 ,147.22 ,-155.40 ,-0.84 ,-0.23 ,1.01 ,20.69 ,12.56 ,-15.04
1396,-41.26 ,134.22 ,-140.50 ,-0.78 ,-0.23 ,1.08 ,23.14 ,9.85 ,-15.82
1398,35.89 ,112.12 ,-107.06 ,-0.75 ,-0.25 ,1.30 ,23.14 ,9.85 ,-15.82
1400,74.34 ,136.84 ,-65.98 ,-0.76 ,-0.10 ,1.35 ,23.14 ,9.85 ,-15.82
1402,6.10 ,196.96 ,-52.31 ,-0.78 ,-0.05 ,1.17 ,28.14 ,10.94 ,-15.19
1404,-75.99 ,216.80 ,-65.49 ,-0.61 ,-0.01 ,1.03 ,28.14 ,10.94 ,-15.19
1406,-71.04 ,208.01 ,-67.63 ,-0.49 ,-0.03 ,1.01 ,28.14 ,10.94 ,-15.19
1408,-1.65 ,178.16 ,-49.80 ,-0.39 ,-0.03 ,1.08 ,28.14 ,10.94 ,-15.19
1410,84.96 ,153.75 ,-25.09 ,-0.32 ,-0.04 ,1.21 ,33.17 ,11.44 ,-13.22
1412,151.86 ,134.16 ,-8.18 ,-0.32 ,-0.02 ,1.46 ,33.17 ,11.44 ,-13.22
1414,164.67 ,177.92 ,-2.44 ,-0.31 ,-0.06 ,1.48 ,33.17 ,11.44 ,-13.22
1416,73.18 ,225.77 ,-3.42 ,-0.30 ,-0.09 ,1.20 ,37.50 ,14.93 ,-9.27
1418,-65.92 ,265.14 ,-14.16 ,-0.18 ,-0.19 ,0.90 ,37.50 ,14.93 ,-9.27
1420,-108.76 ,226.44 ,-18.13 ,-0.12 ,-0.24 ,1.01 ,37.50 ,14.93 ,-9.27
1422,46.57 ,184.08 ,-8.67 ,-0.08 ,-0.41 ,1.10 ,43.66 ,13.61 ,-6.16
1424,180.91 ,184.08 ,47.55 ,-0.04 ,-0.25 ,0.87 ,43.66 ,13.61 ,-6.16
1426,181.52 ,200.32 ,59.94 ,0.02 ,-0.14 ,0.65 ,43.66 ,13.61 ,-6.16
1428,125.31 ,188.35 ,46.69 ,0.22 ,-0.05 ,0.45 ,43.66 ,13.61 ,-6.16
1430,81.73 ,140.26 ,18.68 ,0.32 ,-0.27 ,0.64 ,47.42 ,15.81 ,0.60
1432,99.24 ,121.89 ,21.30 ,0.28 ,-0.43 ,0.94 ,47.42 ,15.81 ,0.60
1434,118.47 ,140.08 ,28.93 ,0.28 ,-0.50 ,0.91 ,47.42 ,15.81 ,0.60
1436,102.23 ,181.46 ,55.54 ,0.26 ,-0.47 ,0.65 ,50.22 ,16.82 ,6.60
1438,62.50 ,199.52 ,70.74 ,0.43 ,-0.26 ,0.33 ,50.22 ,16.82 ,6.60
1440,70.13 ,164.31 ,54.69 ,0.48 ,-0.17 ,0.29 ,50.22 ,16.82 ,6.60
1442,102.05 ,137.57 ,43.15 ,0.48 ,-0.41 ,0.36 ,52.09 ,15.77 ,11.33
1444,125.37 ,110.66 ,60.97 ,0.48 ,-0.59 ,0.52 ,52.09 ,15.77 ,11.33
1446,158.81 ,120.00 ,104.55 ,0.57 ,-0.47 ,0.50 ,52.09 ,15.77 ,11.33
1448,216.19 ,118.77 ,133.06 ,0.63 ,-0.33 ,0.46 ,52.09 ,15.77 ,11.33
1450,254.27 ,117.74 ,147.77 ,0.61 ,-0.37 ,0.43 ,53.71 ,12.27 ,17.77
1452,236.15 ,119.75 ,159.00 ,0.55 ,-0.53 ,0.38 ,53.71 ,12.27 ,17.77
1454,170.04 ,114.81 ,186.65 ,0.49 ,-0.54 ,0.39 ,53.71 ,12.27 ,17.77
1456,153.32 ,128.11 ,217.83 ,0.62 ,-0.29 ,0.22 ,55.62 ,4.96 ,23.57
1458,201.84 ,106.45 ,229.00 ,0.72 ,-0.10 ,0.11 ,55.62 ,4.96 ,23.57
1460,223.57 ,76.29 ,213.13 ,0.73 ,-0.10 ,0.17 ,55.62 ,4.96 ,23.57
1462,230.10 ,32.41 ,208.92 ,0.73 ,-0.22 ,0.31 ,55.02 ,-5.19 ,27.40
1464,215.64 ,32.41 ,231.32 ,0.73 ,-0.24 ,0.27 ,55.02 ,-5.19 ,27.40
1466,216.80 ,21.55 ,261.96 ,0.74 ,-0.07 ,0.12 ,55.02 ,-5.19 ,27.40
1468,252.26 ,-18.01 ,285.28 ,0.78 ,0.11 ,0.15 ,55.02 ,-5.19 ,27.40
1470,277.34 ,-78.74 ,253.78 ,0.80 ,0.27 ,0.25 ,53.41 ,-16.72 ,25.38
1472,285.16 ,-91.25 ,239.26 ,0.75 ,0.22 ,0.48 ,53.41 ,-16.72 ,25.38
1474,284.97 ,-89.36 ,233.09 ,0.80 ,0.25 ,0.57 ,53.41 ,-16.72 ,25.38
1476,252.81 ,-76.42 ,230.22 ,0.73 ,0.22 ,0.55 ,49.56 ,-25.43 ,17.55
1478,153.26 ,-67.69 ,218.69 ,0.70 ,0.18 ,0.54 ,49.56 ,-25.43 ,17.55
1480,142.58 ,-75.13 ,218.63 ,0.77 ,0.15 ,0.59 ,49.56 ,-25.43 ,17.55
1482,198.49 ,-100.71 ,231.51 ,0.69 ,0.13 ,0.73 ,43.68 ,-30.16 ,13.55
1484,222.96 ,-96.01 ,258.24 ,0.66 ,0.40 ,0.85 ,43.68 ,-30.16 ,13.55
1486,220.40 ,-78.19 ,264.16 ,0.64 ,0.51 ,0.89 ,43.68 ,-30.16 ,13.55
1488,163.57 ,-67.14 ,221.19 ,0.57 ,0.39 ,0.98 ,35.72 ,-32.37 ,4.82
1490,122.50 ,-40.16 ,215.03 ,0.58 ,0.39 ,1.03 ,35.72 ,-32.37 ,4.82
1492,151.55 ,-31.49 ,218.63 ,0.65 ,0.57 ,1.14 ,35.72 ,-32.37 ,4.82
1494,205.02 ,-14.83 ,217.16 ,0.59 ,0.61 ,1.13 ,35.72 ,-32.37 ,4.82
1496,168.52 ,6.84 ,200.81 ,0.60 ,0.49 ,1.21 ,28.87 ,-31.63 ,0.37
1498,54.63 ,51.33 ,200.50 ,0.59 ,0.63 ,1.30 ,28.87 ,-31.63 ,0.37
1500,42.60 ,71.84 ,155.33 ,0.58 ,0.98 ,1.36 ,28.87 ,-31.63 ,0.37
1502,132.51 ,101.14 ,128.36 ,0.59 ,0.71 ,1.18 ,24.67 ,-30.41 ,-1.20
1504,39.37 ,119.38 ,89.84 ,0.57 ,0.59 ,1.33 ,24.67 ,-30.41 ,-1.20
1506,90.15 ,146.73 ,87.40 ,0.54 ,0.66 ,1.41 ,24.67 ,-30.41 ,-1.20
1508,233.34 ,168.64 ,112.37 ,0.55 ,0.60 ,1.28 ,25.05 ,-27.93 ,-4.33
1510,257.87 ,177.92 ,141.36 ,0.49 ,0.65 ,1.23 ,25.05 ,-27.93 ,-4.33
1512,242.55 ,200.07 ,146.48 ,0.57 ,0.87 ,1.25 ,25.05 ,-27.93 ,-4.33
1514,229.25 ,228.70 ,136.90 ,0.56 ,1.03 ,1.28 ,25.05 ,-27.93 ,-4.33
1516,180.24 ,277.59 ,102.11 ,0.47 ,1.21 ,1.23 ,27.34 ,-22.96 ,-9.40
1518,164.12 ,341.55 ,30.15 ,0.39 ,1.19 ,1.12 ,27.34 ,-22.96 ,-9.40
1520,133.54 ,364.87 ,-13.61 ,0.32 ,0.80 ,0.77 ,27.34 ,-22.96 ,-9.40
1522,47.00 ,387.63 ,-61.65 ,0.38 ,0.61 ,0.42 ,36.56 ,-19.75 ,-8.97
1524,127.87 ,347.84 ,-66.28 ,0.52 ,0.65 ,0.20 ,36.56 ,-19.75 ,-8.97
1526,254.46 ,283.02 ,-50.54 ,0.69 ,0.79 ,0.14 ,36.56 ,-19.75 ,-8.97
1528,276.98 ,244.57 ,-46.39 ,0.72 ,0.90 ,0.14 ,45.72 ,-14.14 ,-6.84
1530,268.43 ,238.53 ,-63.42 ,0.70 ,0.89 ,0.10 ,45.72 ,-14.14 ,-6.84
1532,137.51 ,244.08 ,-104.86 ,0.67 ,0.54 ,-0.09 ,45.72 ,-14.14 ,-6.84
1534,-23.56 ,234.13 ,-112.18 ,0.71 ,0.54 ,-0.23 ,51.97 ,-9.29 ,-1.78
1536,-4.64 ,188.66 ,-123.29 ,0.76 ,0.50 ,-0.32 ,51.97 ,-9.29 ,-1.78
1538,8.91 ,150.02 ,-135.01 ,0.69 ,0.72 ,-0.16 ,51.97 ,-9.29 ,-1.78
1540,26.37 ,165.83 ,-207.64 ,0.62 ,0.46 ,-0.23 ,51.97 ,-9.29 ,-1.78
1542,-10.93 ,175.11 ,-253.85 ,0.58 ,0.29 ,-0.27 ,54.93 ,-3.52 ,2.53
1544,-27.10 ,175.84 ,-267.58 ,0.57 ,-0.13 ,-0.36 ,54.93 ,-3.52 ,2.53
1546,-82.03 ,157.47 ,-246.95 ,0.58 ,-0.31 ,-0.33 ,54.93 ,-3.52 ,2.53
1548,-102.66 ,149.17 ,-205.57 ,0.50 ,-0.16 ,-0.31 ,55.76 ,4.61 ,8.35
1550,-130.62 ,166.44 ,-226.62 ,0.36 ,-0.15 ,-0.54 ,55.76 ,4.61 ,8.35
1552,-202.21 ,135.68 ,-281.80 ,0.38 ,-0.30 ,-0.62 ,55.76 ,4.61 ,8.35
1554,-206.36 ,104.49 ,-282.47 ,0.48 ,-0.45 ,-0.52 ,53.93 ,12.73 ,10.94
1556,-169.01 ,57.07 ,-257.87 ,0.48 ,-0.38 ,-0.27 ,53.93 ,12.73 ,10.94
1558,-219.06 ,57.13 ,-265.44 ,0.34 ,-0.39 ,-0.11 ,53.93 ,12.73 ,10.94
1560,-354.00 ,66.89 ,-294.92 ,0.15 ,-0.54 ,-0.05 ,49.01 ,19.12 ,8.29
1562,-502.75 ,65.49 ,-321.17 ,-0.11 ,-0.73 ,-0.13 ,49.01 ,19.12 ,8.29
1564,-607.36 ,17.58 ,-359.07 ,-0.18 ,-0.69 ,-0.20 ,49.01 ,19.12 ,8.29
1566,-597.96 ,-97.84 ,-335.27 ,-0.15 ,-0.69 ,-0.07 ,49.01 ,19.12 ,8.29
1568,-404.97 ,-152.16 ,-302.55 ,-0.07 ,-0.69 ,0.32 ,40.31 ,19.73 ,-4.33
1570,-115.66 ,-201.35 ,-275.45 ,-0.15 ,-0.60 ,0.60 ,40.31 ,19.73 ,-4.33
1572,-48.46 ,-160.89 ,-263.18 ,-0.35 ,-0.51 ,0.69 ,40.31 ,19.73 ,-4.33
1574,-215.82 ,-81.05 ,-276.06 ,-0.53 ,-0.51 ,0.60 ,30.08 ,20.04 ,-9.56
1576,-353.03 ,-75.07 ,-289.25 ,-0.59 ,-0.62 ,0.69 ,30.08 ,20.04 ,-9.56
1578,-257.32 ,-121.03 ,-266.91 ,-0.57 ,-0.64 ,0.88 ,30.08 ,20.04 ,-9.56
1580,-171.45 ,-108.95 ,-221.74 ,-0.51 ,-0.49 ,0.92 ,23.30 ,13.50 ,-13.67
1582,-186.28 ,-89.36 ,-212.28 ,-0.53 ,-0.03 ,0.82 ,23.30 ,13.50 ,-13.67
1584,-296.63 ,-49.19 ,-226.20 ,-0.63 ,0.32 ,0.45 ,23.30 ,13.50 ,-13.67
1586,-432.62 ,-66.16 ,-266.05 ,-0.77 ,0.61 ,0.26 ,18.18 ,2.42 ,-16.11
1588,-405.15 ,-149.35 ,-313.05 ,-0.91 ,0.52 ,0.56 ,18.18 ,2.42 ,-16.11
1590,-401.73 ,-177.37 ,-291.08 ,-0.93 ,0.62 ,0.81 ,18.18 ,2.42 ,-16.11
1592,-443.97 ,-173.28 ,-260.38 ,-1.00 ,0.55 ,1.06 ,15.05 ,-13.94 ,-11.36
1594,-534.06 ,-143.68 ,-265.62 ,-1.19 ,0.99 ,1.41 ,12.62 ,-13.94 ,-11.36
1596,-516.54 ,-164.12 ,-264.04 ,-1.34 ,1.14 ,1.78 ,12.62 ,-13.94 ,-11.36
1598,-531.43 ,-148.50 ,-262.63 ,-1.26 ,1.38 ,1.88 ,12.62 ,-13.94 ,-11.36
1600,-469.73 ,-42.48 ,-293.46 ,-1.14 ,1.47 ,1.36 ,15.30 ,-29.32 ,-0.21
1602,-409.97 ,35.52 ,-347.53 ,-1.18 ,1.21 ,0.49 ,15.30 ,-29.32 ,-0.21
1604,-245.85 ,17.15 ,-342.16 ,-1.10 ,0.82 ,-0.00 ,15.30 ,-29.32 ,-0.21
1606,-72.33 ,-29.66 ,-286.87 ,-0.93 ,0.66 ,-0.06 ,25.85 ,-35.36 ,8.79
1608,154.30 ,-69.95 ,-216.80 ,-0.85 ,0.61 ,-0.00 ,25.85 ,-35.36 ,8.79
1610,234.56 ,-86.91 ,-172.42 ,-0.82 ,0.70 ,0.11 ,25.85 ,-35.36 ,8.79
1612,270.81 ,-87.71 ,-125.31 ,-0.67 ,1.07 ,0.48 ,30.74 ,-30.81 ,0.18
1614,236.82 ,-32.84 ,-128.72 ,-0.61 ,1.29 ,0.65 ,30.74 ,-30.81 ,0.18
1616,117.80 ,27.71 ,-171.45 ,-0.63 ,1.31 ,0.82 ,30.74 ,-30.81 ,0.18
1618,62.87 ,56.46 ,-190.37 ,-0.58 ,1.14 ,0.85 ,30.74 ,-30.81 ,0.18
1620,17.82 ,111.88 ,-199.83 ,-0.63 ,0.92 ,0.77 ,36.95 ,-27.08 ,-2.34
1622,45.78 ,147.83 ,-181.03 ,-0.49 ,0.98 ,0.59 ,36.95 ,-27.08 ,-2.34
1624,96.19 ,169.07 ,-165.53 ,-0.40 ,1.06 ,0.41 ,36.95 ,-27.08 ,-2.34
1626,106.81 ,176.33 ,-193.54 ,-0.19 ,1.17 ,0.37 ,44.19 ,-22.36 ,-0.62
1628,151.86 ,172.00 ,-207.28 ,-0.20 ,1.04 ,0.49 ,44.19 ,-22.36 ,-0.62
1630,233.95 ,159.30 ,-187.07 ,-0.08 ,1.06 ,0.88 ,44.19 ,-22.36 ,-0.62
1632,247.07 ,238.34 ,-160.34 ,-0.35 ,0.74 ,0.89 ,50.99 ,-13.93 ,0.78
1634,112.85 ,371.34 ,-208.19 ,-0.25 ,0.52 ,0.70 ,50.99 ,-13.93 ,0.78
1636,-184.08 ,403.81 ,-225.04 ,-0.15 ,0.17 ,0.25 ,50.99 ,-13.93 ,0.78
1638,-234.50 ,363.83 ,-210.57 ,0.14 ,0.39 ,0.23 ,50.99 ,-13.93 ,0.78
1640,3.36 ,302.19 ,-175.42 ,0.37 ,0.64 ,0.19 ,56.88 ,-7.87 ,12.54
1642,223.39 ,263.73 ,-136.47 ,0.18 ,0.61 ,0.15 ,56.88 ,-7.87 ,12.54
1644,247.62 ,257.93 ,-125.98 ,0.41 ,0.26 ,0.13 ,56.88 ,-7.87 ,12.54
1646,178.28 ,298.65 ,-108.15 ,0.58 ,0.25 ,-0.01 ,57.23 ,-2.94 ,20.84
1648,234.92 ,299.44 ,-71.47 ,0.62 ,0.40 ,0.03 ,57.23 ,-2.94 ,20.84
1650,452.94 ,283.20 ,-33.87 ,0.63 ,0.35 ,0.10 ,57.23 ,-2.94 ,20.84
1652,552.61 ,290.71 ,6.23 ,0.69 ,0.30 ,0.17 ,57.23 ,-2.94 ,20.84
1654,692.08 ,283.26 ,106.08 ,0.31 ,0.01 ,0.31 ,53.59 ,-8.61 ,29.38
1656,606.57 ,297.30 ,178.83 ,0.29 ,-0.47 ,0.04 ,53.59 ,-8.61 ,29.38
1658,496.03 ,245.48 ,346.86 ,0.31 ,-0.23 ,-0.08 ,53.59 ,-8.61 ,29.38
1660,490.84 ,182.13 ,420.35 ,0.35 ,0.29 ,-0.02 ,45.06 ,-24.21 ,29.75
1662,529.60 ,43.70 ,458.98 ,0.20 ,0.58 ,0.36 ,45.06 ,-24.21 ,29.75
1664,442.81 ,-11.47 ,432.62 ,0.06 ,0.62 ,0.64 ,45.06 ,-24.21 ,29.75
1666,270.26 ,0.79 ,462.52 ,0.07 ,1.02 ,0.89 ,32.75 ,-34.80 ,19.24
1668,240.17 ,22.03 ,417.11 ,0.06 ,1.12 ,0.92 ,32.75 ,-34.80 ,19.24
1670,215.76 ,63.35 ,336.18 ,0.11 ,1.05 ,0.90 ,32.75 ,-34.80 ,19.24
1672,68.85 ,95.46 ,271.55 ,0.04 ,1.02 ,0.73 ,32.75 ,-34.80 ,19.24
1674,-30.64 ,105.96 ,199.58 ,0.09 ,0.70 ,0.58 ,21.98 ,-36.16 ,14.71
1676,-52.19 ,90.64 ,180.48 ,0.04 ,0.47 ,0.64 ,21.98 ,-36.16 ,14.71
1678,-55.48 ,62.26 ,199.28 ,-0.15 ,0.13 ,0.83 ,21.98 ,-36.16 ,14.71
1680,-33.08 ,88.50 ,271.67 ,-0.33 ,0.54 ,1.08 ,15.03 ,-34.62 ,15.91
1682,75.87 ,135.56 ,325.50 ,-0.42 ,0.67 ,1.04 ,15.03 ,-34.62 ,15.91
1684,94.30 ,152.34 ,342.59 ,-0.61 ,1.32 ,0.99 ,15.03 ,-34.62 ,15.91
1686,154.11 ,179.14 ,307.31 ,-0.63 ,1.61 ,0.71 ,5.22 ,-29.39 ,10.82
1688,207.70 ,163.57 ,260.13 ,-0.41 ,1.49 ,0.40 ,5.22 ,-29.39 ,10.82
1690,26.43 ,87.28 ,168.52 ,-0.25 ,1.18 ,0.58 ,5.22 ,-29.39 ,10.82
1692,-51.33 ,29.85 ,92.65 ,-0.30 ,1.03 ,0.92 ,5.22 ,-29.39 ,10.82
1694,-25.27 ,46.39 ,98.27 ,-0.38 ,0.91 ,1.55 ,2.09 ,-25.99 ,9.17
1696,21.48 ,163.02 ,127.08 ,-0.44 ,1.11 ,1.52 ,2.09 ,-25.99 ,9.17
1698,27.65 ,249.94 ,95.83 ,-0.41 ,1.08 ,1.12 ,2.09 ,-25.99 ,9.17
1700,30.82 ,253.85 ,57.31 ,-0.41 ,0.97 ,1.04 ,1.12 ,-24.01 ,5.00
1702,36.56 ,258.48 ,52.98 ,-0.43 ,0.92 ,1.07 ,1.12 ,-24.01 ,5.00
1704,60.18 ,282.35 ,52.12 ,-0.47 ,0.98 ,1.08 ,1.12 ,-24.01 ,5.00
1706,75.50 ,288.64 ,50.11 ,-0.38 ,1.03 ,0.98 ,4.05 ,-22.99 ,-2.10
1708,30.58 ,277.71 ,28.87 ,-0.31 ,1.13 ,1.14 ,4.05 ,-22.99 ,-2.10
1710,52.98 ,302.37 ,0.79 ,-0.29 ,1.14 ,1.27 ,4.05 ,-22.99 ,-2.10
1712,61.28 ,343.44 ,-23.44 ,-0.26 ,1.10 ,1.24 ,4.05 ,-22.99 ,-2.10
1714,45.84 ,363.28 ,-36.87 ,-0.25 ,1.05 ,1.04 ,11.77 ,-22.64 ,-7.97
1716,72.39 ,377.99 ,-59.27 ,-0.16 ,0.99 ,0.73 ,11.77 ,-22.64 ,-7.97
1718,105.96 ,355.59 ,-73.73 ,-0.07 ,1.09 ,0.75 ,11.77 ,-22.64 ,-7.97
1720,192.57 ,366.70 ,-97.23 ,-0.09 ,1.05 ,0.74 ,23.72 ,-20.23 ,-12.23
1722,200.87 ,379.70 ,-110.17 ,0.08 ,0.90 ,0.66 ,23.72 ,-20.23 ,-12.23
1724,95.28 ,391.30 ,-121.34 ,0.10 ,0.78 ,0.53 ,23.72 ,-20.23 ,-12.23
1726,61.40 ,393.31 ,-123.29 ,0.16 ,0.75 ,0.20 ,37.72 ,-16.00 ,-10.63
1728,117.00 ,361.51 ,-106.38 ,0.22 ,0.89 ,-0.13 ,37.72 ,-16.00 ,-10.63
1730,158.14 ,308.23 ,-107.79 ,0.34 ,1.03 ,-0.40 ,37.72 ,-16.00 ,-10.63
1732,147.22 ,230.22 ,-150.45 ,0.40 ,1.08 ,-0.42 ,47.84 ,-10.08 ,-6.26
1734,128.85 ,195.56 ,-180.36 ,0.53 ,0.93 ,-0.28 ,47.84 ,-10.08 ,-6.26
1736,42.85 ,160.28 ,-226.44 ,0.54 ,0.69 ,-0.02 ,47.84 ,-10.08 ,-6.26
1738,2.50 ,170.72 ,-245.18 ,0.47 ,0.58 ,0.05 ,47.84 ,-10.08 ,-6.26
1740,12.82 ,194.89 ,-271.06 ,0.42 ,0.50 ,-0.17 ,52.67 ,-2.29 ,-1.87
1742,-7.51 ,191.59 ,-308.96 ,0.29 ,0.42 ,-0.36 ,52.67 ,-2.29 ,-1.87
1744,-66.04 ,175.78 ,-368.71 ,0.19 ,0.17 ,-0.50 ,52.67 ,-2.29 ,-1.87
1746,-119.14 ,136.23 ,-438.23 ,0.13 ,-0.09 ,-0.46 ,53.22 ,8.33 ,3.32
1748,-194.34 ,112.49 ,-448.73 ,0.23 ,-0.68 ,-0.42 ,53.22 ,8.33 ,3.32
1750,-222.47 ,67.38 ,-413.21 ,0.21 ,-0.80 ,-0.43 ,53.22 ,8.33 ,3.32
1752,-178.77 ,32.65 ,-332.89 ,0.29 ,-0.57 ,-0.51 ,47.61 ,17.36 ,2.31
1754,-151.06 ,-4.21 ,-349.24 ,0.22 ,-0.47 ,-0.44 ,47.61 ,17.36 ,2.31
1756,-105.47 ,-29.17 ,-367.19 ,-0.02 ,-0.59 ,-0.40 ,47.61 ,17.36 ,2.31
1758,-87.83 ,-81.42 ,-375.79 ,-0.10 ,-0.75 ,-0.23 ,37.73 ,23.50 ,-1.48
1760,-184.20 ,-110.53 ,-343.63 ,-0.19 ,-0.67 ,0.01 ,37.73 ,23.50 ,-1.48
1762,-231.38 ,-121.52 ,-303.47 ,-0.19 ,-0.40 ,0.28 ,37.73 ,23.50 ,-1.48
1764,-196.53 ,-98.08 ,-339.54 ,-0.38 ,-0.52 ,0.35 ,37.73 ,23.50 ,-1.48
1766,-169.49 ,-77.64 ,-378.91 ,-0.73 ,-0.79 ,0.29 ,27.87 ,22.96 ,-6.76
1768,-115.72 ,-126.40 ,-398.07 ,-0.85 ,-0.86 ,0.39 ,27.87 ,22.96 ,-6.76
1770,-97.41 ,-151.31 ,-403.14 ,-1.05 ,-1.04 ,0.84 ,27.87 ,22.96 ,-6.76
1772,-176.03 ,-136.05 ,-414.06 ,-0.86 ,-1.07 ,1.33 ,14.56 ,18.26 ,-8.58
1774,-248.23 ,-16.17 ,-388.18 ,-0.58 ,-0.93 ,1.23 ,14.56 ,18.26 ,-8.58
1776,-220.58 ,85.45 ,-407.78 ,-0.89 ,-1.04 ,0.82 ,14.56 ,18.26 ,-8.58
1778,-164.00 ,110.41 ,-285.16 ,-0.55 ,-0.63 ,0.36 ,11.54 ,7.42 ,-12.37
1780,-18.80 ,73.30 ,-204.83 ,-0.77 ,-0.40 ,0.32 ,11.54 ,7.42 ,-12.37
1782,-13.67 ,66.16 ,-192.14 ,-0.86 ,0.08 ,0.37 ,11.54 ,7.42 ,-12.37
1784,14.95 ,69.34 ,-269.90 ,-1.31 ,-0.05 ,0.42 ,11.43 ,4.76 ,-12.30
1786,-78.80 ,46.14 ,-306.34 ,-1.18 ,-0.04 ,0.77 ,11.43 ,4.76 ,-12.30
1788,-72.27 ,34.91 ,-345.34 ,-1.29 ,-0.26 ,0.94 ,11.43 ,4.76 ,-12.30
1790,-48.83 ,28.02 ,-366.39 ,-1.42 ,-0.64 ,1.40 ,11.43 ,4.76 ,-12.30
1792,-18.86 ,92.90 ,-334.35 ,-1.46 ,-0.79 ,1.57 ,12.41 ,-1.04 ,-12.15
1794,3.72 ,200.56 ,-263.43 ,-1.23 ,-0.73 ,1.41 ,12.41 ,-1.04 ,-12.15
1796,29.24 ,280.58 ,-182.31 ,-1.25 ,-0.63 ,1.16 ,12.41 ,-1.04 ,-12.15
1798,57.01 ,313.05 ,-140.14 ,-1.42 ,-0.34 ,0.97 ,18.01 ,-2.28 ,-13.04
1800,90.03 ,339.78 ,-77.88 ,-1.24 ,-0.10 ,0.58 ,18.01 ,-2.28 ,-13.04
1802,133.61 ,272.09 ,-43.64 ,-0.94 ,0.28 ,0.82 ,18.01 ,-2.28 ,-13.04
1804,124.02 ,218.44 ,-41.56 ,-0.74 ,0.29 ,1.62 ,26.48 ,0.82 ,-14.64
1806,78.43 ,248.35 ,-102.42 ,-0.81 ,0.20 ,1.93 ,26.48 ,0.82 ,-14.64
1808,14.04 ,390.69 ,-132.20 ,-1.16 ,-0.46 ,1.77 ,26.48 ,0.82 ,-14.64
1810,21.97 ,506.29 ,-93.63 ,-1.20 ,-0.74 ,0.87 ,26.48 ,0.82 ,-14.64
1812,14.65 ,461.55 ,4.03 ,-0.76 ,-0.61 ,0.28 ,42.02 ,3.42 ,-11.00
1814,53.65 ,335.57 ,76.72 ,-0.31 ,-0.40 ,0.34 ,42.02 ,3.42 ,-11.00
1816,74.22 ,259.89 ,115.48 ,-0.15 ,-0.37 ,0.56 ,42.02 ,3.42 ,-11.00
1818,88.26 ,244.38 ,122.92 ,0.05 ,-0.58 ,1.05 ,50.63 ,2.27 ,-3.05
1820,138.92 ,248.72 ,179.44 ,-0.22 ,-0.63 ,1.36 ,50.63 ,2.27 ,-3.05
1822,106.38 ,330.26 ,287.29 ,-0.15 ,0.12 ,0.94 ,50.63 ,2.27 ,-3.05
1824,30.94 ,365.23 ,269.17 ,0.08 ,0.36 ,0.62 ,55.83 ,-3.61 ,7.87
1826,-2.14 ,332.34 ,217.29 ,0.29 ,0.28 ,0.49 ,55.83 ,-3.61 ,7.87
1828,-23.74 ,310.36 ,126.83 ,0.42 ,-0.32 ,0.59 ,55.83 ,-3.61 ,7.87
1830,58.65 ,329.96 ,143.19 ,0.26 ,-0.71 ,0.45 ,55.83 ,-3.61 ,7.87
1832,111.69 ,331.30 ,277.59 ,0.09 ,-0.23 ,-0.02 ,55.88 ,-9.06 ,18.92
1834,136.90 ,303.22 ,339.05 ,0.22 ,0.22 ,-0.15 ,55.88 ,-9.06 ,18.92
1836,180.30 ,201.90 ,348.69 ,0.41 ,0.59 ,-0.12 ,55.88 ,-9.06 ,18.92
1838,75.62 ,145.69 ,287.35 ,0.62 ,0.49 ,0.00 ,51.68 ,-19.80 ,24.38
1840,66.77 ,139.10 ,209.72 ,0.71 ,0.15 ,-0.08 ,51.68 ,-19.80 ,24.38
1842,126.46 ,101.20 ,253.05 ,0.68 ,0.12 ,-0.07 ,51.68 ,-19.80 ,24.38
1844,137.57 ,73.30 ,299.26 ,0.53 ,0.19 ,0.02 ,45.41 ,-27.42 ,25.44
1846,85.14 ,44.01 ,311.83 ,0.40 ,0.58 ,0.17 ,45.41 ,-27.42 ,25.44
1848,82.70 ,44.92 ,273.68 ,0.52 ,0.60 ,0.10 ,45.41 ,-27.42 ,25.44
1850,125.98 ,18.62 ,245.79 ,0.58 ,0.53 ,0.20 ,45.41 ,-27.42 ,25.44
1852,163.45 ,5.62 ,244.08 ,0.62 ,0.45 ,0.27 ,37.38 ,-32.24 ,22.06
1854,213.68 ,-3.97 ,268.98 ,0.49 ,0.46 ,0.40 ,37.38 ,-32.24 ,22.06
1856,238.46 ,-18.92 ,306.27 ,0.30 ,0.51 ,0.55 ,37.38 ,-32.24 ,22.06
1858,214.78 ,-19.65 ,343.26 ,0.07 ,0.86 ,0.70 ,27.97 ,-35.62 ,15.91
1860,151.79 ,-12.02 ,337.71 ,0.21 ,1.00 ,0.79 ,27.97 ,-35.62 ,15.91
1862,158.69 ,0.12 ,279.48 ,0.40 ,1.12 ,0.81 ,27.97 ,-35.62 ,15.91
1864,144.35 ,12.94 ,233.70 ,0.03 ,0.97 ,0.80 ,18.19 ,-34.57 ,10.46
1866,168.27 ,13.12 ,224.43 ,0.16 ,1.04 ,0.86 ,18.19 ,-34.57 ,10.46
1868,134.28 ,17.33 ,191.59 ,0.18 ,1.05 ,1.05 ,18.19 ,-34.57 ,10.46
1870,131.77 ,23.74 ,170.53 ,0.03 ,0.92 ,1.11 ,18.19 ,-34.57 ,10.46
1872,130.37 ,52.12 ,148.93 ,0.03 ,0.84 ,1.18 ,11.68 ,-31.40 ,6.90
1874,130.98 ,87.89 ,151.00 ,-0.05 ,0.94 ,1.10 ,11.68 ,-31.40 ,6.90
1876,121.64 ,104.49 ,138.24 ,0.00 ,1.04 ,0.98 ,11.68 ,-31.40 ,6.90
1878,125.49 ,90.15 ,123.05 ,0.02 ,1.12 ,1.02 ,9.35 ,-28.37 ,1.90
1880,96.92 ,75.26 ,75.01 ,0.09 ,0.97 ,1.33 ,9.35 ,-28.37 ,1.90
1882,95.76 ,122.50 ,46.45 ,0.16 ,0.80 ,1.37 ,9.35 ,-28.37 ,1.90
1884,103.82 ,171.75 ,39.92 ,0.14 ,0.67 ,1.22 ,10.13 ,-26.60 ,-2.03
1886,108.64 ,187.44 ,42.60 ,0.15 ,0.65 ,1.18 ,10.13 ,-26.60 ,-2.03
1888,125.79 ,207.03 ,44.43 ,0.16 ,0.62 ,1.21 ,10.13 ,-26.60 ,-2.03
1890,148.93 ,229.86 ,48.89 ,0.14 ,0.67 ,1.27 ,10.13 ,-26.60 ,-2.03
1892,167.79 ,256.47 ,43.40 ,0.16 ,0.69 ,1.26 ,14.40 ,-23.00 ,-6.86
1894,173.65 ,263.85 ,32.59 ,0.18 ,0.65 ,1.29 ,14.40 ,-23.00 ,-6.86
1896,168.46 ,282.78 ,19.23 ,0.18 ,0.49 ,1.38 ,14.40 ,-23.00 ,-6.86
1898,135.62 ,315.80 ,17.94 ,0.16 ,0.33 ,1.24 ,22.36 ,-18.87 ,-13.01
1900,149.35 ,335.51 ,32.10 ,0.14 ,0.38 ,1.11 ,22.36 ,-18.87 ,-13.01
1902,181.21 ,328.92 ,36.07 ,0.26 ,0.47 ,0.99 ,22.36 ,-18.87 ,-13.01
1904,203.55 ,317.20 ,39.18 ,0.31 ,0.60 ,1.06 ,22.36 ,-18.87 ,-13.01
1906,191.41 ,345.52 ,22.34 ,0.34 ,0.69 ,0.80 ,32.23 ,-13.54 ,-15.05
1908,147.95 ,353.45 ,-1.71 ,0.36 ,0.71 ,0.57 ,32.23 ,-13.54 ,-15.05
1910,108.40 ,335.14 ,-17.27 ,0.48 ,0.78 ,0.16 ,32.23 ,-13.54 ,-15.05
1912,39.12 ,282.41 ,-64.45 ,0.56 ,0.77 ,-0.08 ,42.52 ,-10.21 ,-11.15
1914,56.70 ,228.64 ,-105.90 ,0.68 ,0.57 ,-0.11 ,42.52 ,-10.21 ,-11.15
1916,62.07 ,181.64 ,-110.35 ,0.77 ,0.55 ,-0.08 ,42.52 ,-10.21 ,-11.15
1918,60.79 ,150.82 ,-106.02 ,0.77 ,0.64 ,-0.08 ,47.81 ,-5.90 ,-6.32
1920,65.55 ,142.58 ,-121.40 ,0.77 ,0.80 ,-0.09 ,47.81 ,-5.90 ,-6.32
1922,29.79 ,134.46 ,-189.39 ,0.69 ,0.66 ,-0.16 ,47.81 ,-5.90 ,-6.32
1924,12.39 ,129.46 ,-261.78 ,0.61 ,0.27 ,-0.34 ,51.06 ,1.11 ,-2.65
1926,34.48 ,112.98 ,-324.10 ,0.61 ,-0.22 ,-0.42 ,51.06 ,1.11 ,-2.65
1928,48.77 ,71.35 ,-331.97 ,0.63 ,-0.48 ,-0.39 ,51.06 ,1.11 ,-2.65
1930,69.09 ,58.17 ,-332.89 ,0.68 ,-0.59 ,-0.24 ,51.06 ,1.11 ,-2.65
1932,132.87 ,61.83 ,-286.44 ,0.64 ,-0.58 ,-0.25 ,49.17 ,12.50 ,0.16
1934,113.16 ,78.31 ,-231.99 ,0.69 ,-0.23 ,-0.38 ,49.17 ,12.50 ,0.16
1936,57.98 ,63.17 ,-246.03 ,0.48 ,-0.47 ,-0.60 ,49.17 ,12.50 ,0.16
1938,-2.44 ,22.16 ,-235.29 ,0.46 ,-0.55 ,-0.67 ,45.80 ,20.32 ,2.97
1940,-1.22 ,-39.12 ,-213.38 ,0.45 ,-0.56 ,-0.56 ,45.80 ,20.32 ,2.97
1942,-7.14 ,-55.85 ,-209.84 ,0.44 ,-0.37 ,-0.16 ,45.80 ,20.32 ,2.97
1944,-18.49 ,-39.73 ,-224.30 ,0.36 ,-0.26 ,0.08 ,39.73 ,24.56 ,1.82
1946,-47.06 ,14.22 ,-260.38 ,0.18 ,-0.41 ,-0.04 ,39.73 ,24.56 ,1.82
1948,-84.96 ,42.36 ,-292.54 ,0.09 ,-0.66 ,-0.34 ,39.73 ,24.56 ,1.82
1950,-113.53 ,7.08 ,-297.97 ,-0.01 ,-0.79 ,-0.43 ,31.99 ,27.01 ,1.07
1952,-108.34 ,-57.98 ,-278.75 ,0.02 ,-0.73 ,-0.36 ,31.99 ,27.01 ,1.07
1954,-112.73 ,-82.40 ,-282.23 ,-0.00 ,-0.65 ,0.03 ,31.99 ,27.01 ,1.07
1956,-88.01 ,-89.72 ,-297.30 ,-0.09 ,-0.62 ,0.40 ,31.99 ,27.01 ,1.07
1958,-69.64 ,-27.40 ,-311.52 ,-0.20 ,-0.57 ,0.31 ,22.08 ,27.69 ,-3.48
1960,-89.78 ,10.80 ,-311.89 ,-0.57 ,-0.42 ,0.09 ,22.08 ,27.69 ,-3.48
1962,-145.87 ,14.04 ,-362.37 ,-0.73 ,-0.53 ,0.05 ,22.08 ,27.69 ,-3.48
1964,-150.39 ,2.69 ,-402.71 ,-1.06 ,-0.57 ,0.10 ,12.57 ,22.33 ,-6.09
1966,-152.59 ,-49.62 ,-460.02 ,-1.24 ,-0.57 ,0.60 ,12.57 ,22.33 ,-6.09
1968,-186.95 ,-41.69 ,-512.45 ,-1.09 ,-0.75 ,1.07 ,12.57 ,22.33 ,-6.09
1970,-186.77 ,30.88 ,-517.58 ,-1.07 ,-1.22 ,1.00 ,3.71 ,10.45 ,-8.85
1972,-97.11 ,129.15 ,-372.80 ,-1.08 ,-1.24 ,0.32 ,3.71 ,10.45 ,-8.85
1974,-55.73 ,138.37 ,-282.47 ,-1.08 ,-0.86 ,0.08 ,3.71 ,10.45 ,-8.85
1976,33.75 ,72.27 ,-181.58 ,-0.99 ,0.13 ,0.30 ,3.71 ,10.45 ,-8.85
1978,53.77 ,52.49 ,-205.75 ,-1.18 ,0.26 ,0.93 ,4.31 ,4.68 ,-10.58
1980,-3.11 ,144.90 ,-309.20 ,-1.52 ,-0.31 ,1.01 ,4.31 ,4.68 ,-10.58
1982,-3.48 ,191.89 ,-322.63 ,-1.55 ,-0.94 ,0.93 ,4.31 ,4.68 ,-10.58
1984,31.07 ,195.62 ,-231.51 ,-1.51 ,-1.01 ,1.06 ,9.35 ,0.49 ,-10.74
1986,49.26 ,230.47 ,-156.86 ,-1.39 ,-0.48 ,1.15 ,9.35 ,0.49 ,-10.74
1988,112.79 ,308.53 ,-86.85 ,-1.36 ,0.01 ,0.84 ,9.35 ,0.49 ,-10.74
1990,92.04 ,337.71 ,-88.20 ,-1.32 ,0.07 ,0.55 ,16.25 ,1.55 ,-13.21
1992,46.57 ,326.48 ,-117.31 ,-1.23 ,-0.17 ,0.43 ,16.25 ,1.55 ,-13.21
1994,76.48 ,255.62 ,-104.49 ,-1.09 ,-0.25 ,0.59 ,16.25 ,1.55 ,-13.21
1996,85.75 ,236.08 ,-86.24 ,-1.03 ,-0.40 ,1.35 ,23.88 ,2.55 ,-14.31
1998,89.48 ,303.34 ,-39.79 ,-1.06 ,-0.26 ,1.56 ,23.88 ,2.55 ,-14.31
